,Id,Model,EHI,Extractiveness Factor (EF),Positive Hallucination (PH),Over Focus (OF),Negative Hallucination (NH),Lost Focus (LF),Entity F1 Score
0,10157432,facebook/bart-large-cnn,0,0,0,0.5333333333333333,0,0.25,0
1,10157432,google/pegasus-xsum,0.20819185059422754,0.08571428571428572,0.15384615384615385,0.1111111111111111,0.6,0.2,0.15384615384615385
2,10157432,t5-large,0.22781565105106247,0.07692307692307693,0.11764705882352941,0.5483870967741935,0,0.1111111111111111,0.11764705882352941
3,10157432,gpt-3.5-turbo,0.1906325326240545,0.07317073170731707,0.10526315789473684,0.5757575757575758,0.09090909090909091,0.09090909090909091,0.10526315789473685
4,10157432,RefSum,0.9455587392550143,0.15789473684210525,1,0.06666666666666667,0,0,1
5,34185458,facebook/bart-large-cnn,0,0,0,0.5454545454545454,0,0,0
6,34185458,google/pegasus-xsum,0,0,0,0,1,0,0
7,34185458,t5-large,0,0,0,0.4,0,0,0
8,34185458,gpt-3.5-turbo,0,0,0,0.5,0.25,0,0
9,34185458,RefSum,0,0,0,0,0,0,0
10,47967764,facebook/bart-large-cnn,0.5138121546961326,0.18181818181818182,0.36363636363636365,0.5161290322580645,0,0,0.3636363636363636
11,47967764,google/pegasus-xsum,0,0,0,0.24,0,0.6666666666666666,0
12,47967764,t5-large,0,0,0,0.37037037037037035,0,0.4,0
13,47967764,gpt-3.5-turbo,0,0,0,0.2222222222222222,0.4,0.4,0
14,47967764,RefSum,0.9365853658536586,0.23076923076923078,1,0.08333333333333333,0,0,1
15,blogs-news-from-elsewhere-34313610,facebook/bart-large-cnn,0,0,0,0.21052631578947367,0.3333333333333333,0,0
16,blogs-news-from-elsewhere-34313610,google/pegasus-xsum,0.8636363636363636,0,0.6666666666666666,0.10526315789473684,0,0,0.6666666666666666
17,blogs-news-from-elsewhere-34313610,t5-large,0,0,0,0.11764705882352941,0,0,0
18,blogs-news-from-elsewhere-34313610,gpt-3.5-turbo,0.6363636363636364,0,0.5,0.2857142857142857,0,0,0.5
19,blogs-news-from-elsewhere-34313610,RefSum,1,0,1,0,0,0,1
20,blogs-news-from-elsewhere-51090657,facebook/bart-large-cnn,0,0,0,0.7058823529411765,0.14285714285714285,0,0
21,blogs-news-from-elsewhere-51090657,google/pegasus-xsum,1,0,0.6666666666666666,0,0,0,0.6666666666666666
22,blogs-news-from-elsewhere-51090657,t5-large,0,0,0,0.18181818181818182,0,0,0
23,blogs-news-from-elsewhere-51090657,gpt-3.5-turbo,0.45086705202312144,0,0.4,0.15384615384615385,0.3333333333333333,0,0.4
24,blogs-news-from-elsewhere-51090657,RefSum,1,0,1,0,0,0,1
25,business-18074966,facebook/bart-large-cnn,0,0,0,0.3333333333333333,0.2857142857142857,0,0
26,business-18074966,google/pegasus-xsum,0,0,0,0.07407407407407407,0.75,0,0
27,business-18074966,t5-large,0,0,0,0.3448275862068966,0.16666666666666666,0,0
28,business-18074966,gpt-3.5-turbo,0,0,0,0,1,0,0
29,business-18074966,RefSum,1,0,1,0,0,0,1
30,business-22689987,facebook/bart-large-cnn,0.32673267326732675,0.08333333333333333,0.16666666666666666,0.5151515151515151,0,0,0.16666666666666666
31,business-22689987,google/pegasus-xsum,0.96742671009772,0.1,1,0.037037037037037035,0,0,1
32,business-22689987,t5-large,0.4606240713224368,0.09090909090909091,0.2222222222222222,0.36666666666666664,0,0,0.2222222222222222
33,business-22689987,gpt-3.5-turbo,0.42857142857142855,0.08333333333333333,0.3333333333333333,0.3333333333333333,0.2222222222222222,0,0.3333333333333333
34,business-22689987,RefSum,0.96742671009772,0.1,1,0.037037037037037035,0,0,1
35,business-26475437,facebook/bart-large-cnn,0.288864388092613,0.06976744186046512,0.13333333333333333,0.5,0,0,0.13333333333333333
36,business-26475437,google/pegasus-xsum,0.3229166666666667,0.08333333333333333,0.25,0.03225806451612903,0.6666666666666666,0,0.25
37,business-26475437,t5-large,0.18172023702639614,0.061224489795918366,0.09523809523809523,0.7045454545454546,0,0,0.09523809523809523
38,business-26475437,gpt-3.5-turbo,0.12155074116305586,0,0.1111111111111111,0.34146341463414637,0.38461538461538464,0.07692307692307693,0.1111111111111111
39,business-26475437,RefSum,0.9726815240833933,0.07894736842105263,1,0.030303030303030304,0,0,1
40,business-26802475,facebook/bart-large-cnn,0,0,0,0.1935483870967742,0,0,0
41,business-26802475,google/pegasus-xsum,0,0,0,0,0,0,0
42,business-26802475,t5-large,0,0,0,0.13333333333333333,0,0,0
43,business-26802475,gpt-3.5-turbo,0,0,0,0.30303030303030304,0,0,0
44,business-26802475,RefSum,0,0,0,0,0,0,0
45,business-31949307,facebook/bart-large-cnn,0,0,0,0.16666666666666666,0,0,0
46,business-31949307,google/pegasus-xsum,0,0,0,0.16666666666666666,0,0,0
47,business-31949307,t5-large,0,0,0,0.24,0,0,0
48,business-31949307,gpt-3.5-turbo,0,0,0,0.16,0.3333333333333333,0,0
49,business-31949307,RefSum,0,0,0,0,0,0,0
50,business-35240093,facebook/bart-large-cnn,0,0,0,0.5,0,0.14285714285714285,0
51,business-35240093,google/pegasus-xsum,0.24878048780487808,0.09090909090909091,0.16666666666666666,0.1111111111111111,0.6666666666666666,0,0.16666666666666666
52,business-35240093,t5-large,0,0,0,0.38461538461538464,0,0.2,0
53,business-35240093,gpt-3.5-turbo,0.3096674200839522,0.06976744186046512,0.2727272727272727,0.5135135135135135,0.25,0,0.2727272727272727
54,business-35240093,RefSum,0.9671641791044776,0.09090909090909091,1,0.037037037037037035,0,0,1
55,business-38842721,facebook/bart-large-cnn,0,0,0,0.3137254901960784,0.1111111111111111,0,0
56,business-38842721,google/pegasus-xsum,0,0,0,0.17391304347826086,0,0,0
57,business-38842721,t5-large,0,0,0,0.3137254901960784,0.1111111111111111,0,0
58,business-38842721,gpt-3.5-turbo,0,0,0,0.22641509433962265,0.45454545454545453,0,0
59,business-38842721,RefSum,0,0,0,0,0,0,0
60,business-38878091,facebook/bart-large-cnn,0,0,0,0.4878048780487805,0,0.1,0
61,business-38878091,google/pegasus-xsum,0.7073170731707317,0.08333333333333333,0.4,0.2,0,0,0.4
62,business-38878091,t5-large,0.43591350673769974,0.075,0.2222222222222222,0.38461538461538464,0,0,0.2222222222222222
63,business-38878091,gpt-3.5-turbo,0.19273693534100975,0.061224489795918366,0.1111111111111111,0.6041666666666666,0.11764705882352941,0,0.1111111111111111
64,business-38878091,RefSum,0.9721518987341772,0.09090909090909091,1,0.03125,0,0,1
65,business-39841164,facebook/bart-large-cnn,0.3249714937286203,0.046875,0.25,0.11666666666666667,0,0.5,0.25
66,business-39841164,google/pegasus-xsum,0.46316425120772947,0.047619047619047616,0.5714285714285714,0.05084745762711865,0,0.6666666666666666,0.5714285714285715
67,business-39841164,t5-large,0,0,0,0.13333333333333333,0,0.75,0
68,business-39841164,gpt-3.5-turbo,0.39306358381502887,0.08333333333333333,0.25,0.2647058823529412,0.16666666666666666,0.08333333333333333,0.25
69,business-39841164,RefSum,0.958005249343832,0.140625,1,0.05,0,0,1
70,business-40375970,facebook/bart-large-cnn,0,0,0,0.23076923076923078,0.14285714285714285,0,0
71,business-40375970,google/pegasus-xsum,0.9215686274509804,0,0.5,0.0425531914893617,0,0,0.5
72,business-40375970,t5-large,0,0,0,0.043478260869565216,0,0,0
73,business-40375970,gpt-3.5-turbo,0,0,0,0.0425531914893617,0.5,0,0
74,business-40375970,RefSum,1,0,1,0,0,0,1
75,business-40666236,facebook/bart-large-cnn,0,0,0,0.29411764705882354,0,0,0
76,business-40666236,google/pegasus-xsum,1,0,1,0,0,0,1
77,business-40666236,t5-large,0,0,0,0.34285714285714286,0,0,0
78,business-40666236,gpt-3.5-turbo,0.5714285714285715,0,0.6666666666666666,0,0.5,0,0.6666666666666666
79,business-40666236,RefSum,1,0,1,0,0,0,1
80,business-41231763,facebook/bart-large-cnn,0,0,0,0.5641025641025641,0,0,0
81,business-41231763,google/pegasus-xsum,0,0,0,0.25,0,0,0
82,business-41231763,t5-large,0,0,0,0.29411764705882354,0.16666666666666666,0,0
83,business-41231763,gpt-3.5-turbo,0,0,0,0.3902439024390244,0.38461538461538464,0,0
84,business-41231763,RefSum,0,0,0,0,0,0,0
85,business-42226808,facebook/bart-large-cnn,0,0,0,0.22857142857142856,0,0.25,0
86,business-42226808,google/pegasus-xsum,0.5814794215795328,0.08571428571428572,0.5,0.08823529411764706,0.3333333333333333,0,0.5
87,business-42226808,t5-large,0,0,0,0.22857142857142856,0,0.25,0
88,business-42226808,gpt-3.5-turbo,0.33297547278883477,0.07317073170731707,0.2,0.325,0.2222222222222222,0,0.19999999999999998
89,business-42226808,RefSum,0.9721518987341772,0.09090909090909091,1,0.03125,0,0,1
90,business-44725606,facebook/bart-large-cnn,0,0,0,0.2857142857142857,0,0,0
91,business-44725606,google/pegasus-xsum,0,0,0,0.08,0,0,0
92,business-44725606,t5-large,0,0,0,0.2222222222222222,0,0,0
93,business-44725606,gpt-3.5-turbo,0,0,0,0.125,0.75,0,0
94,business-44725606,RefSum,0,0,0,0,0,0,0
95,business-45506500,facebook/bart-large-cnn,0.38276649441172944,0.09375,0.2222222222222222,0.36666666666666664,0.14285714285714285,0,0.22222222222222224
96,business-45506500,google/pegasus-xsum,0.4,0,0.6666666666666666,0,0,1,0.6666666666666666
97,business-45506500,t5-large,0.7250589159465829,0.10714285714285714,0.4,0.19230769230769232,0,0,0.4
98,business-45506500,gpt-3.5-turbo,0.4237137633846958,0.08823529411764706,0.36363636363636365,0.28125,0.3333333333333333,0,0.3636363636363636
99,business-45506500,RefSum,0.9652509652509652,0.1111111111111111,1,0.04,0,0,1
100,business-47891982,facebook/bart-large-cnn,0,0,0,0.35,0,0,0
101,business-47891982,google/pegasus-xsum,0,0,0,0.21621621621621623,0,0,0
102,business-47891982,t5-large,0,0,0,0.3076923076923077,0,0,0
103,business-47891982,gpt-3.5-turbo,0,0,0,0.45454545454545453,0.09090909090909091,0,0
104,business-47891982,RefSum,0,0,0,0,0,0,0
105,business-50498796,facebook/bart-large-cnn,0.30275229357798167,0.07894736842105263,0.25,0.09090909090909091,0.3333333333333333,0.3333333333333333,0.25
106,business-50498796,google/pegasus-xsum,0.621301775147929,0.15,0.6,0.05714285714285714,0.4,0,0.6
107,business-50498796,t5-large,0.39620442816713836,0.07692307692307693,0.2222222222222222,0.20588235294117646,0,0.25,0.22222222222222224
108,business-50498796,gpt-3.5-turbo,0.2011173184357542,0,0.18181818181818182,0.2222222222222222,0.16666666666666666,0.3333333333333333,0.1818181818181818
109,business-50498796,RefSum,0.9526627218934911,0.15,1,0.05714285714285714,0,0,1
110,business-50982547,facebook/bart-large-cnn,0,0,0,0.391304347826087,0,0.1111111111111111,0
111,business-50982547,google/pegasus-xsum,0,0,0,0.09302325581395349,0.6666666666666666,0.16666666666666666,0
112,business-50982547,t5-large,0,0,0,0.14634146341463414,0.25,0.25,0
113,business-50982547,gpt-3.5-turbo,0.4703936753791546,0.057692307692307696,0.4,0.2653061224489796,0.25,0,0.4
114,business-50982547,RefSum,0.9771640998406799,0.06976744186046512,1,0.025,0,0,1
115,business-54592246,facebook/bart-large-cnn,0,0,0,0.26666666666666666,0,0,0
116,business-54592246,google/pegasus-xsum,0,0,0,0.25,0.3333333333333333,0,0
117,business-54592246,t5-large,0,0,0,0.2,0.25,0,0
118,business-54592246,gpt-3.5-turbo,0,0,0,0.26666666666666666,0,0,0
119,business-54592246,RefSum,0,0,0,0,0,0,0
120,education-56213402,facebook/bart-large-cnn,0,0,0,0.4375,0,0.14285714285714285,0
121,education-56213402,google/pegasus-xsum,0.8445040214477211,0.10344827586206896,0.5,0.1111111111111111,0,0,0.5
122,education-56213402,t5-large,0,0,0,0.3333333333333333,0,0.2,0
123,education-56213402,gpt-3.5-turbo,0.43317184383015106,0.08823529411764706,0.2222222222222222,0.40625,0,0,0.22222222222222224
124,education-56213402,RefSum,0.9675251959686451,0.10344827586206896,1,0.037037037037037035,0,0,1
125,entertainment-arts-11956797,facebook/bart-large-cnn,0,0,0,0.5142857142857142,0.1,0,0
126,entertainment-arts-11956797,google/pegasus-xsum,1,0,1,0,0,0,1
127,entertainment-arts-11956797,t5-large,0,0,0,0.27586206896551724,0,0,0
128,entertainment-arts-11956797,gpt-3.5-turbo,0.23076923076923075,0,0.16666666666666666,0.5555555555555556,0,0,0.16666666666666669
129,entertainment-arts-11956797,RefSum,1,0,1,0,0,0,1
130,entertainment-arts-23158374,facebook/bart-large-cnn,0,0,0,0.5806451612903226,0,0,0
131,entertainment-arts-23158374,google/pegasus-xsum,0.8965517241379309,0,0.6666666666666666,0.07692307692307693,0,0,0.6666666666666665
132,entertainment-arts-23158374,t5-large,0,0,0,0.4827586206896552,0,0,0
133,entertainment-arts-23158374,gpt-3.5-turbo,0.36,0,0.35294117647058826,0.29411764705882354,0.3333333333333333,0,0.35294117647058826
134,entertainment-arts-23158374,RefSum,1,0,1,0,0,0,1
135,entertainment-arts-26706229,facebook/bart-large-cnn,0.39750692520775627,0.10344827586206896,0.25,0.39285714285714285,0.14285714285714285,0,0.25
136,entertainment-arts-26706229,google/pegasus-xsum,0.9613445378151261,0.13043478260869565,1,0.045454545454545456,0,0,1
137,entertainment-arts-26706229,t5-large,0,0,0,0.17391304347826086,0,0.5,0
138,entertainment-arts-26706229,gpt-3.5-turbo,0.2982483981670667,0.09375,0.18181818181818182,0.5483870967741935,0.1,0,0.18181818181818182
139,entertainment-arts-26706229,RefSum,0.9613445378151261,0.13043478260869565,1,0.045454545454545456,0,0,1
140,entertainment-arts-31682196,facebook/bart-large-cnn,0,0,0,0.6470588235294118,0,0,0
141,entertainment-arts-31682196,google/pegasus-xsum,0,0,0,0.08,0.5,0,0
142,entertainment-arts-31682196,t5-large,0,0,0,0.41379310344827586,0,0,0
143,entertainment-arts-31682196,gpt-3.5-turbo,0,0,0,0.41379310344827586,0,0,0
144,entertainment-arts-31682196,RefSum,0,0,0,0,0,0,0
145,entertainment-arts-35042217,facebook/bart-large-cnn,0,0,0,0.2222222222222222,0.16666666666666666,0,0
146,entertainment-arts-35042217,google/pegasus-xsum,0,0,0,0.05,0,0,0
147,entertainment-arts-35042217,t5-large,0,0,0,0.22727272727272727,0,0,0
148,entertainment-arts-35042217,gpt-3.5-turbo,0,0,0,0.21739130434782608,0.2857142857142857,0,0
149,entertainment-arts-35042217,RefSum,0,0,0,0,0,0,0
150,entertainment-arts-39002451,facebook/bart-large-cnn,0.526603439961421,0.07894736842105263,0.4,0.3055555555555556,0.125,0,0.4
151,entertainment-arts-39002451,google/pegasus-xsum,0.9704251386321626,0.09375,1,0.03333333333333333,0,0,1
152,entertainment-arts-39002451,t5-large,0.8558558558558559,0.09375,0.5,0.1,0,0,0.5
153,entertainment-arts-39002451,gpt-3.5-turbo,0.7559760956175299,0.08571428571428572,0.5714285714285714,0.21212121212121213,0,0,0.5714285714285715
154,entertainment-arts-39002451,RefSum,0.9704251386321626,0.09375,1,0.03333333333333333,0,0,1
155,entertainment-arts-44964740,facebook/bart-large-cnn,0,0,0,0.34615384615384615,0,0.2222222222222222,0
156,entertainment-arts-44964740,google/pegasus-xsum,0,0,0,0.044444444444444446,0.5,1,0
157,entertainment-arts-44964740,t5-large,0.4363395225464191,0.058823529411764705,0.25,0.14893617021276595,0,0.25,0.25
158,entertainment-arts-44964740,gpt-3.5-turbo,0.39614005191511287,0.05660377358490566,0.2,0.22448979591836735,0,0.16666666666666666,0.2
159,entertainment-arts-44964740,RefSum,0.9633225458468176,0.11764705882352941,1,0.0425531914893617,0,0,1
160,entertainment-arts-45639433,facebook/bart-large-cnn,0,0,0,0.20833333333333334,0.2857142857142857,0,0
161,entertainment-arts-45639433,google/pegasus-xsum,0,0,0,0.24489795918367346,0.25,0,0
162,entertainment-arts-45639433,t5-large,0,0,0,0.13333333333333333,0.25,0,0
163,entertainment-arts-45639433,gpt-3.5-turbo,0,0,0,0.2916666666666667,0,0,0
164,entertainment-arts-45639433,RefSum,0,0,0,0,0,0,0
165,entertainment-arts-49419053,facebook/bart-large-cnn,0,0,0,0.2727272727272727,0,0.08333333333333333,0
166,entertainment-arts-49419053,google/pegasus-xsum,0.42654028436018954,0,0.2222222222222222,0.09876543209876543,0,0.2,0.22222222222222224
167,entertainment-arts-49419053,t5-large,0,0,0,0.05128205128205128,0,0.5,0
168,entertainment-arts-49419053,gpt-3.5-turbo,0.22201960877184673,0.028846153846153848,0.14285714285714285,0.31,0.2916666666666667,0,0.14285714285714285
169,entertainment-arts-49419053,RefSum,0.9880749574105622,0.03571428571428571,1,0.0125,0,0,1
170,entertainment-arts-54567473,facebook/bart-large-cnn,0.5454545454545454,0.1,0.2857142857142857,0.32142857142857145,0,0,0.28571428571428575
171,entertainment-arts-54567473,google/pegasus-xsum,0.7250589159465829,0.10714285714285714,0.4,0.19230769230769232,0,0,0.4
172,entertainment-arts-54567473,t5-large,0.7250589159465829,0.10714285714285714,0.4,0.19230769230769232,0,0,0.4
173,entertainment-arts-54567473,gpt-3.5-turbo,0.4216867469879518,0.09375,0.2222222222222222,0.43333333333333335,0,0,0.22222222222222224
174,entertainment-arts-54567473,RefSum,0.9652509652509652,0.1111111111111111,1,0.04,0,0,1
175,health-19571173,facebook/bart-large-cnn,0,0,0,0.4,0,0,0
176,health-19571173,google/pegasus-xsum,1,0,0.6666666666666666,0,0,0,0.6666666666666666
177,health-19571173,t5-large,0,0,0,0.4,0,0,0
178,health-19571173,gpt-3.5-turbo,0,0,0,0.5,0,0,0
179,health-19571173,RefSum,1,0,1,0,0,0,1
180,health-23868116,facebook/bart-large-cnn,0,0,0,0.4,0,0,0
181,health-23868116,google/pegasus-xsum,0,0,0,0,0,0,0
182,health-23868116,t5-large,0,0,0,0.4,0,0,0
183,health-23868116,gpt-3.5-turbo,0,0,0,0.14285714285714285,0.5,0,0
184,health-23868116,RefSum,0,0,0,0,0,0,0
185,health-31849833,facebook/bart-large-cnn,0,0,0,0.30303030303030304,0.16666666666666666,0.16666666666666666,0
186,health-31849833,google/pegasus-xsum,0.9686486486486485,0.10344827586206896,1,0.03571428571428571,0,0,1
187,health-31849833,t5-large,0,0,0,0.07142857142857142,0,1,0
188,health-31849833,gpt-3.5-turbo,0.41854374017810375,0.08571428571428572,0.25,0.3235294117647059,0.14285714285714285,0,0.25
189,health-31849833,RefSum,0.9686486486486485,0.10344827586206896,1,0.03571428571428571,0,0,1
190,magazine-23432653,facebook/bart-large-cnn,0,0,0,0.2647058823529412,0,0,0
191,magazine-23432653,google/pegasus-xsum,0,0,0,0.03225806451612903,0.6666666666666666,0,0
192,magazine-23432653,t5-large,0,0,0,0.18461538461538463,0,0,0
193,magazine-23432653,gpt-3.5-turbo,0,0,0,0.3561643835616438,0.07142857142857142,0,0
194,magazine-23432653,RefSum,1,0,1,0,0,0,1
195,newsbeat-10000840,facebook/bart-large-cnn,0.5902439024390244,0.125,0.3333333333333333,0.3181818181818182,0,0,0.3333333333333333
196,newsbeat-10000840,google/pegasus-xsum,0,0,0,0.2,0,0.5,0
197,newsbeat-10000840,t5-large,0.5363984674329502,0.13636363636363635,0.5,0.05,0.5,0,0.5
198,newsbeat-10000840,gpt-3.5-turbo,0,0,0,0.2,0,0.5,0
199,newsbeat-10000840,RefSum,0.9578544061302682,0.13636363636363635,1,0.05,0,0,1
200,newsbeat-10002718,facebook/bart-large-cnn,0,0,0,0.34782608695652173,0,0.25,0
201,newsbeat-10002718,google/pegasus-xsum,0.4606118546845125,0.11538461538461539,0.2857142857142857,0.13636363636363635,0.3333333333333333,0,0.28571428571428575
202,newsbeat-10002718,t5-large,0,0,0,0.2727272727272727,0,0.3333333333333333,0
203,newsbeat-10002718,gpt-3.5-turbo,0.28608498216023354,0.0967741935483871,0.16666666666666666,0.4074074074074074,0.25,0,0.16666666666666666
204,newsbeat-10002718,RefSum,0.9623430962343097,0.1111111111111111,1,0.043478260869565216,0,0,1
205,newsbeat-11997559,facebook/bart-large-cnn,0,0,0,0.6382978723404256,0,0,0
206,newsbeat-11997559,google/pegasus-xsum,0.19879518072289157,0,0.14285714285714285,0.4090909090909091,0.16666666666666666,0,0.14285714285714285
207,newsbeat-11997559,t5-large,0,0,0,0.47619047619047616,0,0,0
208,newsbeat-11997559,gpt-3.5-turbo,0.17983651226158037,0,0.14285714285714285,0.3181818181818182,0.3333333333333333,0,0.14285714285714285
209,newsbeat-11997559,RefSum,1,0,1,0,0,0,1
210,newsbeat-15815086,facebook/bart-large-cnn,0,0,0,0.625,0,0,0
211,newsbeat-15815086,google/pegasus-xsum,0.8888888888888888,0,0.6666666666666666,0.08333333333333333,0,0,0.6666666666666666
212,newsbeat-15815086,t5-large,0,0,0,0.5806451612903226,0,0,0
213,newsbeat-15815086,gpt-3.5-turbo,0,0,0,0.5882352941176471,0.16666666666666666,0,0
214,newsbeat-15815086,RefSum,1,0,1,0,0,0,1
215,newsbeat-42729308,facebook/bart-large-cnn,0,0,0,0.41379310344827586,0,0,0
216,newsbeat-42729308,google/pegasus-xsum,0,0,0,0.08333333333333333,0,0,0
217,newsbeat-42729308,t5-large,0,0,0,0.2222222222222222,0.25,0,0
218,newsbeat-42729308,gpt-3.5-turbo,0,0,0,0.2222222222222222,0.25,0,0
219,newsbeat-42729308,RefSum,1,0,1,0,0,0,1
220,newsbeat-43652288,facebook/bart-large-cnn,0,0,0,0.38095238095238093,0,0.5,0
221,newsbeat-43652288,google/pegasus-xsum,0.7669322709163346,0.23076923076923078,0.6666666666666666,0.2727272727272727,0,0,0.6666666666666665
222,newsbeat-43652288,t5-large,0.4134648078884733,0.13043478260869565,0.3333333333333333,0.15789473684210525,0,0.5,0.3333333333333333
223,newsbeat-43652288,gpt-3.5-turbo,0.30037313432835827,0.1111111111111111,0.2,0.391304347826087,0.16666666666666666,0.16666666666666666,0.2
224,newsbeat-43652288,RefSum,0.92867332382311,0.24,1,0.09523809523809523,0,0,1
225,newsbeat-48666143,facebook/bart-large-cnn,0.44401041666666663,0.08333333333333333,0.2857142857142857,0.21212121212121213,0,0.25,0.28571428571428575
226,newsbeat-48666143,google/pegasus-xsum,0.6737232649498035,0.15384615384615385,0.6,0.2222222222222222,0.14285714285714285,0,0.6
227,newsbeat-48666143,t5-large,0.4611857189649525,0.08571428571428572,0.3333333333333333,0.15625,0,0.3333333333333333,0.3333333333333333
228,newsbeat-48666143,gpt-3.5-turbo,0.525629887054735,0.08333333333333333,0.5714285714285714,0.09090909090909091,0.25,0.25,0.5714285714285715
229,newsbeat-48666143,RefSum,0.9493487698986975,0.17142857142857143,1,0.0625,0,0,1
230,science-environment-24493530,facebook/bart-large-cnn,0,0,0,0,1,1,0
231,science-environment-24493530,google/pegasus-xsum,0,0,0,0,1,1,0
232,science-environment-24493530,t5-large,0,0,0,0.12244897959183673,0,0.3333333333333333,0
233,science-environment-24493530,gpt-3.5-turbo,0,0,0,0.36065573770491804,0.26666666666666666,0.06666666666666667,0
234,science-environment-24493530,RefSum,0.9803680981595093,0.0625,1,0.02127659574468085,0,0,1
235,science-environment-42204575,facebook/bart-large-cnn,0,0,0,0.2608695652173913,0,0,0
236,science-environment-42204575,google/pegasus-xsum,0,0,0,0,0,0,0
237,science-environment-42204575,t5-large,0,0,0,0.18181818181818182,0,0,0
238,science-environment-42204575,gpt-3.5-turbo,0,0,0,0.37037037037037035,0.2857142857142857,0,0
239,science-environment-42204575,RefSum,0,0,0,0,0,0,0
240,science-environment-44141840,facebook/bart-large-cnn,0,0,0,0.4583333333333333,0,0,0
241,science-environment-44141840,google/pegasus-xsum,0.8333333333333334,0,0.5,0.1,0,0,0.5
242,science-environment-44141840,t5-large,0,0,0,0.15,0,0,0
243,science-environment-44141840,gpt-3.5-turbo,0.19905213270142183,0,0.15384615384615385,0.2857142857142857,0.3333333333333333,0,0.15384615384615385
244,science-environment-44141840,RefSum,1,0,1,0,0,0,1
245,science-environment-46582265,facebook/bart-large-cnn,0.45169522420707253,0.1276595744680851,0.5,0.09523809523809523,0,0.6666666666666666,0.5
246,science-environment-46582265,google/pegasus-xsum,0.35238856685988407,0.125,0.4444444444444444,0.046511627906976744,0.5,0.5,0.4444444444444445
247,science-environment-46582265,t5-large,0.45169522420707253,0.1276595744680851,0.5,0.09523809523809523,0,0.6666666666666666,0.5
248,science-environment-46582265,gpt-3.5-turbo,0.4031557283329522,0.125,0.4444444444444444,0.09302325581395349,0.25,0.5,0.4444444444444445
249,science-environment-46582265,RefSum,0.9319444444444445,0.24489795918367346,1,0.09090909090909091,0,0,1
250,science-environment-48786295,facebook/bart-large-cnn,0.4936708860759494,0.15,0.5,0.16666666666666666,0,0.5,0.5
251,science-environment-48786295,google/pegasus-xsum,0,0,0,0,0,0,0
252,science-environment-48786295,t5-large,0.5529066568861176,0.1956521739130435,0.42857142857142855,0.40476190476190477,0,0.1,0.4285714285714285
253,science-environment-48786295,gpt-3.5-turbo,0.45482388973966315,0.1875,0.375,0.3409090909090909,0.25,0.08333333333333333,0.375
254,science-environment-48786295,RefSum,0.921259842519685,0.3,1,0.1111111111111111,0,0,1
255,science-environment-55769269,facebook/bart-large-cnn,0,0,0,0.14814814814814814,0,0,0
256,science-environment-55769269,google/pegasus-xsum,1,0,1,0,0,0,1
257,science-environment-55769269,t5-large,0,0,0,0.07692307692307693,0,0,0
258,science-environment-55769269,gpt-3.5-turbo,0,0,0,0.06451612903225806,0.8333333333333334,0,0
259,science-environment-55769269,RefSum,1,0,1,0,0,0,1
260,sinhala.080117_unreply,facebook/bart-large-cnn,0.321197686287853,0.15789473684210525,0.2857142857142857,0.4375,0,0.5,0.28571428571428575
261,sinhala.080117_unreply,google/pegasus-xsum,0.5555555555555556,0.3333333333333333,0.6666666666666666,0.13333333333333333,0.3333333333333333,0.3333333333333333,0.6666666666666666
262,sinhala.080117_unreply,t5-large,0.5419058553386912,0.3157894736842105,0.5714285714285714,0.25,0.25,0.25,0.5714285714285715
263,sinhala.080117_unreply,gpt-3.5-turbo,0.7445255474452555,0.45,0.75,0.4117647058823529,0,0,0.7499999999999999
264,sinhala.080117_unreply,RefSum,0.8823529411764706,0.5,1,0.2,0,0,1
265,technology-19700791,facebook/bart-large-cnn,0,0,0,0.18181818181818182,0,0,0
266,technology-19700791,google/pegasus-xsum,0,0,0,0.09523809523809523,0,0,0
267,technology-19700791,t5-large,0,0,0,0.2608695652173913,0,0,0
268,technology-19700791,gpt-3.5-turbo,0,0,0,0.5185185185185185,0,0,0
269,technology-19700791,RefSum,0,0,0,0,0,0,0
270,technology-23132678,facebook/bart-large-cnn,0.4914529914529915,0.17647058823529413,0.5,0.2,0,0.5,0.5
271,technology-23132678,google/pegasus-xsum,0.9102902374670185,0.35294117647058826,1,0.13333333333333333,0,0,1
272,technology-23132678,t5-large,0.4435857805255023,0.1875,0.6666666666666666,0.07142857142857142,0,1,0.6666666666666666
273,technology-23132678,gpt-3.5-turbo,0.4435857805255023,0.1875,0.6666666666666666,0.07142857142857142,0,1,0.6666666666666666
274,technology-23132678,RefSum,0.9102902374670185,0.35294117647058826,1,0.13333333333333333,0,0,1
275,technology-30795245,facebook/bart-large-cnn,0,0,0,0.14814814814814814,0,0,0
276,technology-30795245,google/pegasus-xsum,0,0,0,0.07692307692307693,0,0,0
277,technology-30795245,t5-large,0,0,0,0.14814814814814814,0,0,0
278,technology-30795245,gpt-3.5-turbo,0,0,0,0.42424242424242425,0.125,0,0
279,technology-30795245,RefSum,0,0,0,0,0,0,0
280,technology-30819036,facebook/bart-large-cnn,0,0,0,0,0,0,0
281,technology-30819036,google/pegasus-xsum,0,0,0,0,0,0,0
282,technology-30819036,t5-large,0,0,0,0,0,0,0
283,technology-30819036,gpt-3.5-turbo,0,0,0,0.11764705882352941,0,0,0
284,technology-30819036,RefSum,1,0,1,0,0,0,1
285,technology-32781236,facebook/bart-large-cnn,0,0,0,0.0625,0,1,0
286,technology-32781236,google/pegasus-xsum,0,0,0,0,1,1,0
287,technology-32781236,t5-large,0,0,0,0,0,0,0
288,technology-32781236,gpt-3.5-turbo,0,0,0,0.17647058823529413,0,0.3333333333333333,0
289,technology-32781236,RefSum,0.9721518987341772,0.09090909090909091,1,0.03125,0,0,1
290,technology-34864457,facebook/bart-large-cnn,0,0,0,0.3,0,0,0
291,technology-34864457,google/pegasus-xsum,0,0,0,0.1111111111111111,0,0,0
292,technology-34864457,t5-large,0,0,0,0.3,0,0,0
293,technology-34864457,gpt-3.5-turbo,0,0,0,0.2727272727272727,0.4,0,0
294,technology-34864457,RefSum,0,0,0,0,0,0,0
295,technology-47825833,facebook/bart-large-cnn,0,0,0,0.3076923076923077,0,0.5,0
296,technology-47825833,google/pegasus-xsum,0.9365853658536586,0.23076923076923078,1,0.08333333333333333,0,0,1
297,technology-47825833,t5-large,0,0,0,0.15384615384615385,0.5,0.5,0
298,technology-47825833,gpt-3.5-turbo,0.5610687022900763,0.2,0.5,0.21428571428571427,0.3333333333333333,0,0.5
299,technology-47825833,RefSum,0.9365853658536586,0.23076923076923078,1,0.08333333333333333,0,0,1
300,technology-49126035,facebook/bart-large-cnn,0.8682972718720603,0.21428571428571427,0.8,0.15384615384615385,0,0,0.8
301,technology-49126035,google/pegasus-xsum,0.5702775290957923,0.1875,0.4444444444444444,0.3333333333333333,0.14285714285714285,0,0.4444444444444445
302,technology-49126035,t5-large,0.9385665529010239,0.2222222222222222,1,0.08,0,0,1
303,technology-49126035,gpt-3.5-turbo,0.4789089373001026,0.18181818181818182,0.4,0.25806451612903225,0.375,0,0.4
304,technology-49126035,RefSum,0.9385665529010239,0.2222222222222222,1,0.08,0,0,1
305,technology-50807372,facebook/bart-large-cnn,0,0,0,0.125,0,0,0
306,technology-50807372,google/pegasus-xsum,0,0,0,0.11764705882352941,0.5,0,0
307,technology-50807372,t5-large,0,0,0,0.3333333333333333,0,0,0
308,technology-50807372,gpt-3.5-turbo,0,0,0,0.4,0.2,0,0
309,technology-50807372,RefSum,0,0,0,0,0,0,0
310,technology-51510196,facebook/bart-large-cnn,0,0,0,0.18181818181818182,0,0,0
311,technology-51510196,google/pegasus-xsum,0,0,0,0,1,0,0
312,technology-51510196,t5-large,0,0,0,0.047619047619047616,0.5,0,0
313,technology-51510196,gpt-3.5-turbo,0,0,0,0.32653061224489793,0.1111111111111111,0,0
314,technology-51510196,RefSum,1,0,1,0,0,0,1
315,technology-54360612,facebook/bart-large-cnn,0.4007610654916884,0.08823529411764706,0.25,0.1724137931034483,0,0.3333333333333333,0.25
316,technology-54360612,google/pegasus-xsum,0.3051700472777185,0.08823529411764706,0.25,0.10344827586206896,0.3333333333333333,0.3333333333333333,0.25
317,technology-54360612,t5-large,0,0,0,0.20689655172413793,0,0.6666666666666666,0
318,technology-54360612,gpt-3.5-turbo,0.5746268656716418,0.15789473684210525,0.3333333333333333,0.36363636363636365,0,0,0.3333333333333333
319,technology-54360612,RefSum,0.9475982532751093,0.16666666666666666,1,0.06451612903225806,0,0,1
320,uk-18010526,facebook/bart-large-cnn,0,0,0,0.16326530612244897,0,1,0
321,uk-18010526,google/pegasus-xsum,0.5492746373186593,0.11320754716981132,0.75,0.041666666666666664,0,0.6666666666666666,0.7499999999999999
322,uk-18010526,t5-large,0,0,0,0.0851063829787234,0,2,0
323,uk-18010526,gpt-3.5-turbo,0.6991988346686089,0.2033898305084746,0.5714285714285714,0.2222222222222222,0.1111111111111111,0,0.5714285714285714
324,uk-18010526,RefSum,0.938375350140056,0.21818181818181817,1,0.08,0,0,1
325,uk-20509003,facebook/bart-large-cnn,0,0,0,0.14285714285714285,0,0.3333333333333333,0
326,uk-20509003,google/pegasus-xsum,0.9112426035502958,0.06666666666666667,0.6666666666666666,0.07142857142857142,0,0,0.6666666666666666
327,uk-20509003,t5-large,0,0,0,0.14285714285714285,0,0.3333333333333333,0
328,uk-20509003,gpt-3.5-turbo,0.2492260061919505,0,0.2,0.17391304347826086,0.2857142857142857,0.14285714285714285,0.2
329,uk-20509003,RefSum,0.9781659388646289,0.06666666666666667,1,0.023809523809523808,0,0,1
330,uk-20947917,facebook/bart-large-cnn,0,0,0,0.2857142857142857,0,0,0
331,uk-20947917,google/pegasus-xsum,0,0,0,0,1,0,0
332,uk-20947917,t5-large,0,0,0,0.08,0,0,0
333,uk-20947917,gpt-3.5-turbo,0,0,0,0.3333333333333333,0.16666666666666666,0,0
334,uk-20947917,RefSum,1,0,1,0,0,0,1
335,uk-24611407,facebook/bart-large-cnn,0,0,0,0.16,0,0,0
336,uk-24611407,google/pegasus-xsum,0.25,0,0.2222222222222222,0,0.6666666666666666,0,0.2222222222222222
337,uk-24611407,t5-large,0,0,0,0.23076923076923078,0,0,0
338,uk-24611407,gpt-3.5-turbo,0,0,0,0.42424242424242425,0.3,0,0
339,uk-24611407,RefSum,1,0,1,0,0,0,1
340,uk-26341122,facebook/bart-large-cnn,0,0,0,0.3333333333333333,0,0,0
341,uk-26341122,google/pegasus-xsum,0,0,0,0,1,0,0
342,uk-26341122,t5-large,0,0,0,0.18181818181818182,0,0,0
343,uk-26341122,gpt-3.5-turbo,0,0,0,0.4,0,0,0
344,uk-26341122,RefSum,0,0,0,0,0,0,0
345,uk-36492850,facebook/bart-large-cnn,0,0,0,0.11009174311926606,0.14285714285714285,0.14285714285714285,0
346,uk-36492850,google/pegasus-xsum,0.9908186687069626,0.027777777777777776,1,0.009523809523809525,0,0,1
347,uk-36492850,t5-large,0,0,0,0.056074766355140186,0.4,0.2,0
348,uk-36492850,gpt-3.5-turbo,0.37873620862587765,0,0.21052631578947367,0.22033898305084745,0.0625,0.0625,0.21052631578947367
349,uk-36492850,RefSum,0.9908186687069626,0.027777777777777776,1,0.009523809523809525,0,0,1
350,uk-37796786,facebook/bart-large-cnn,0,0,0,0.3125,0.16666666666666666,0,0
351,uk-37796786,google/pegasus-xsum,0,0,0,0,0,0,0
352,uk-37796786,t5-large,0,0,0,0.26666666666666666,0,0,0
353,uk-37796786,gpt-3.5-turbo,0,0,0,0.3225806451612903,0,0,0
354,uk-37796786,RefSum,0,0,0,0,0,0,0
355,uk-51470342,facebook/bart-large-cnn,0.6055408970976254,0.043478260869565216,0.25,0.19117647058823528,0,0,0.25
356,uk-51470342,google/pegasus-xsum,0.8053097345132744,0.045454545454545456,0.4,0.1076923076923077,0,0,0.4
357,uk-51470342,t5-large,0.6676610599809585,0.04411764705882353,0.2857142857142857,0.16417910447761194,0,0,0.2857142857142857
358,uk-51470342,gpt-3.5-turbo,0.3970089277252308,0.041666666666666664,0.18181818181818182,0.23943661971830985,0.1,0,0.18181818181818182
359,uk-51470342,RefSum,0.9848375451263538,0.047619047619047616,1,0.016129032258064516,0,0,1
360,uk-england-22893157,facebook/bart-large-cnn,0.32098041515187054,0.05555555555555555,0.2,0.2549019607843137,0,0.2857142857142857,0.2
361,uk-england-22893157,google/pegasus-xsum,0.6292597300405545,0.12244897959183673,0.8,0.043478260869565216,0,0.5,0.8
362,uk-england-22893157,t5-large,0.3451919690031701,0.057692307692307696,0.25,0.1836734693877551,0,0.4,0.25
363,uk-england-22893157,gpt-3.5-turbo,0.24935448174105496,0.05454545454545454,0.18181818181818182,0.21153846153846154,0.25,0.25,0.18181818181818182
364,uk-england-22893157,RefSum,0.9486828600752651,0.18,1,0.06382978723404255,0,0,1
365,uk-england-28638850,facebook/bart-large-cnn,0,0,0,0.25,0.3333333333333333,0.3333333333333333,0
366,uk-england-28638850,google/pegasus-xsum,0.9044943820224719,0.17647058823529413,0.5,0.07142857142857142,0,0,0.5
367,uk-england-28638850,t5-large,0,0,0,0.14285714285714285,0,1,0
368,uk-england-28638850,gpt-3.5-turbo,0.5141298958849777,0.15,0.2857142857142857,0.4117647058823529,0,0,0.28571428571428575
369,uk-england-28638850,RefSum,0.9487870619946092,0.15789473684210525,1,0.0625,0,0,1
370,uk-england-39964375,facebook/bart-large-cnn,0,0,0,0.6363636363636364,0,0.14285714285714285,0
371,uk-england-39964375,google/pegasus-xsum,0,0,0,0,1,0.3333333333333333,0
372,uk-england-39964375,t5-large,0,0,0,0.6363636363636364,0,0.14285714285714285,0
373,uk-england-39964375,gpt-3.5-turbo,0,0,0,0.6363636363636364,0,0.14285714285714285,0
374,uk-england-39964375,RefSum,0.9516539440203562,0.15789473684210525,1,0.058823529411764705,0,0,1
375,uk-england-52830287,facebook/bart-large-cnn,0,0,0,0.8888888888888888,0,0,0
376,uk-england-52830287,google/pegasus-xsum,0,0,0,0.18181818181818182,0,0,0
377,uk-england-52830287,t5-large,0,0,0,0.7058823529411765,0.14285714285714285,0,0
378,uk-england-52830287,gpt-3.5-turbo,0,0,0,0.7368421052631579,0.2222222222222222,0,0
379,uk-england-52830287,RefSum,0,0,0,0,0,0,0
380,uk-england-beds-bucks-herts-23273933,facebook/bart-large-cnn,0,0,0,0.625,0,0,0
381,uk-england-beds-bucks-herts-23273933,google/pegasus-xsum,0,0,0,0,0,0,0
382,uk-england-beds-bucks-herts-23273933,t5-large,0,0,0,0.2857142857142857,0.3333333333333333,0,0
383,uk-england-beds-bucks-herts-23273933,gpt-3.5-turbo,0,0,0,0.26666666666666666,0.5,0,0
384,uk-england-beds-bucks-herts-23273933,RefSum,0,0,0,0,0,0,0
385,uk-england-beds-bucks-herts-44278556,facebook/bart-large-cnn,0,0,0,0.56,0,0,0
386,uk-england-beds-bucks-herts-44278556,google/pegasus-xsum,0,0,0,0.10526315789473684,0,0,0
387,uk-england-beds-bucks-herts-44278556,t5-large,0,0,0,0.43478260869565216,0,0,0
388,uk-england-beds-bucks-herts-44278556,gpt-3.5-turbo,0,0,0,0.46153846153846156,0.25,0,0
389,uk-england-beds-bucks-herts-44278556,RefSum,0,0,0,0,0,0,0
390,uk-england-birmingham-40334223,facebook/bart-large-cnn,0,0,0,0.47368421052631576,0,0.2222222222222222,0
391,uk-england-birmingham-40334223,google/pegasus-xsum,0.9380240612468101,0.17647058823529413,0.8,0.06451612903225806,0,0,0.8
392,uk-england-birmingham-40334223,t5-large,0,0,0,0.43243243243243246,0,0.25,0
393,uk-england-birmingham-40334223,gpt-3.5-turbo,0.45960502692998206,0.13953488372093023,0.2857142857142857,0.5,0,0,0.28571428571428575
394,uk-england-birmingham-40334223,RefSum,0.9493487698986975,0.17142857142857143,1,0.0625,0,0,1
395,uk-england-birmingham-47374127,facebook/bart-large-cnn,0,0,0,0.2553191489361702,0,0.16666666666666666,0
396,uk-england-birmingham-47374127,google/pegasus-xsum,0.978227848101266,0.06976744186046512,1,0.023809523809523808,0,0,1
397,uk-england-birmingham-47374127,t5-large,0,0,0,0.4230769230769231,0,0.09090909090909091,0
398,uk-england-birmingham-47374127,gpt-3.5-turbo,0.45084269662921356,0.06521739130434782,0.4,0.06666666666666667,0.5,0,0.4
399,uk-england-birmingham-47374127,RefSum,0.978227848101266,0.06976744186046512,1,0.023809523809523808,0,0,1
400,uk-england-birmingham-56554925,facebook/bart-large-cnn,0,0,0,0.5714285714285714,0,0,0
401,uk-england-birmingham-56554925,google/pegasus-xsum,0,0,0,0,1,0,0
402,uk-england-birmingham-56554925,t5-large,0,0,0,0.4,0.2,0,0
403,uk-england-birmingham-56554925,gpt-3.5-turbo,0,0,0,0.5454545454545454,0.14285714285714285,0,0
404,uk-england-birmingham-56554925,RefSum,1,0,1,0,0,0,1
405,uk-england-bristol-44226204,facebook/bart-large-cnn,0,0,0,0.5714285714285714,0,0.1,0
406,uk-england-bristol-44226204,google/pegasus-xsum,0,0,0,0.375,0.14285714285714285,0.14285714285714285,0
407,uk-england-bristol-44226204,t5-large,0,0,0,0.3333333333333333,0,0.2,0
408,uk-england-bristol-44226204,gpt-3.5-turbo,0,0,0,0.4444444444444444,0.2727272727272727,0.09090909090909091,0
409,uk-england-bristol-44226204,RefSum,0.9675251959686451,0.10344827586206896,1,0.037037037037037035,0,0,1
410,uk-england-cambridgeshire-13640487,facebook/bart-large-cnn,0,0,0,0.1111111111111111,0,1,0
411,uk-england-cambridgeshire-13640487,google/pegasus-xsum,0,0,0,0,1,0.5,0
412,uk-england-cambridgeshire-13640487,t5-large,0,0,0,0.1111111111111111,0,1,0
413,uk-england-cambridgeshire-13640487,gpt-3.5-turbo,0.29576504672366294,0.10714285714285714,0.18181818181818182,0.5769230769230769,0.1111111111111111,0,0.1818181818181818
414,uk-england-cambridgeshire-13640487,RefSum,0.9559748427672956,0.14285714285714285,1,0.05263157894736842,0,0,1
415,uk-england-derbyshire-55008763,facebook/bart-large-cnn,0,0,0,0.125,0,0,0
416,uk-england-derbyshire-55008763,google/pegasus-xsum,0,0,0,0,1,0,0
417,uk-england-derbyshire-55008763,t5-large,0,0,0,0.125,0,0,0
418,uk-england-derbyshire-55008763,gpt-3.5-turbo,0,0,0,0.5217391304347826,0.25,0,0
419,uk-england-derbyshire-55008763,RefSum,0,0,0,0,0,0,0
420,uk-england-devon-56548931,facebook/bart-large-cnn,0,0,0,0.4864864864864865,0,0,0
421,uk-england-devon-56548931,google/pegasus-xsum,0.27272727272727276,0,0.25,0,0.6666666666666666,0,0.25
422,uk-england-devon-56548931,t5-large,0,0,0,0.13333333333333333,0,0,0
423,uk-england-devon-56548931,gpt-3.5-turbo,0,0,0,0.32558139534883723,0.5333333333333333,0,0
424,uk-england-devon-56548931,RefSum,1,0,1,0,0,0,1
425,uk-england-dorset-51048996,facebook/bart-large-cnn,0,0,0,0.3333333333333333,0,0,0
426,uk-england-dorset-51048996,google/pegasus-xsum,1,0,1,0,0,0,1
427,uk-england-dorset-51048996,t5-large,0,0,0,0.4,0,0,0
428,uk-england-dorset-51048996,gpt-3.5-turbo,0,0,0,0.5185185185185185,0,0,0
429,uk-england-dorset-51048996,RefSum,1,0,1,0,0,0,1
430,uk-england-hampshire-35694569,facebook/bart-large-cnn,0,0,0,0,0,0,0
431,uk-england-hampshire-35694569,google/pegasus-xsum,0,0,0,0.25,0,0,0
432,uk-england-hampshire-35694569,t5-large,0,0,0,0.25,0,0,0
433,uk-england-hampshire-35694569,gpt-3.5-turbo,0,0,0,0.25,0,0,0
434,uk-england-hampshire-35694569,RefSum,1,0,1,0,0,0,1
435,uk-england-hereford-worcester-51539199,facebook/bart-large-cnn,0,0,0,0.3181818181818182,0.125,0,0
436,uk-england-hereford-worcester-51539199,google/pegasus-xsum,0,0,0,0,0,0,0
437,uk-england-hereford-worcester-51539199,t5-large,0,0,0,0.10526315789473684,0,0,0
438,uk-england-hereford-worcester-51539199,gpt-3.5-turbo,0,0,0,0.14634146341463414,0.4,0,0
439,uk-england-hereford-worcester-51539199,RefSum,0,0,0,0,0,0,0
440,uk-england-humber-47661849,facebook/bart-large-cnn,0,0,0,0.32432432432432434,0.25,0,0
441,uk-england-humber-47661849,google/pegasus-xsum,0,0,0,0,0,0,0
442,uk-england-humber-47661849,t5-large,0,0,0,0.2857142857142857,0.16666666666666666,0,0
443,uk-england-humber-47661849,gpt-3.5-turbo,0,0,0,0.5128205128205128,0,0,0
444,uk-england-humber-47661849,RefSum,0,0,0,0,0,0,0
445,uk-england-leeds-49552623,facebook/bart-large-cnn,0.8223350253807107,0.42857142857142855,0.8571428571428571,0.2777777777777778,0,0,0.8571428571428571
446,uk-england-leeds-49552623,google/pegasus-xsum,0.6296296296296297,0.3,0.6666666666666666,0.23529411764705882,0,0.3333333333333333,0.6666666666666666
447,uk-england-leeds-49552623,t5-large,0.8223350253807107,0.42857142857142855,0.8571428571428571,0.2777777777777778,0,0,0.8571428571428571
448,uk-england-leeds-49552623,gpt-3.5-turbo,0.5557725164754699,0.34615384615384615,0.5,0.5652173913043478,0.1111111111111111,0,0.5
449,uk-england-leeds-49552623,RefSum,0.891500904159132,0.45,1,0.17647058823529413,0,0,1
450,uk-england-leeds-51136569,facebook/bart-large-cnn,0,0,0,0.4489795918367347,0,0.2727272727272727,0
451,uk-england-leeds-51136569,google/pegasus-xsum,0.7463235294117647,0.1956521739130435,0.75,0.07142857142857142,0.25,0,0.75
452,uk-england-leeds-51136569,t5-large,0.22334519729205374,0.05660377358490566,0.13333333333333333,0.3877551020408163,0.09090909090909091,0.18181818181818182,0.13333333333333333
453,uk-england-leeds-51136569,gpt-3.5-turbo,0.43742859653748134,0.15254237288135594,0.2857142857142857,0.5636363636363636,0,0,0.2857142857142857
454,uk-england-leeds-51136569,RefSum,0.9436274509803921,0.1956521739130435,1,0.07142857142857142,0,0,1
455,uk-england-leeds-53151792,facebook/bart-large-cnn,0,0,0,0.6206896551724138,0,0,0
456,uk-england-leeds-53151792,google/pegasus-xsum,1,0,1,0,0,0,1
457,uk-england-leeds-53151792,t5-large,0,0,0,0.75,0,0,0
458,uk-england-leeds-53151792,gpt-3.5-turbo,0,0,0,0.35714285714285715,0.375,0,0
459,uk-england-leeds-53151792,RefSum,1,0,1,0,0,0,1
460,uk-england-leeds-54470312,facebook/bart-large-cnn,0,0,0,0.5384615384615384,0.125,0,0
461,uk-england-leeds-54470312,google/pegasus-xsum,0.4375,0,0.3333333333333333,0.09523809523809523,0.3333333333333333,0,0.3333333333333333
462,uk-england-leeds-54470312,t5-large,0,0,0,0.5384615384615384,0.125,0,0
463,uk-england-leeds-54470312,gpt-3.5-turbo,0,0,0,0.32,0.42857142857142855,0,0
464,uk-england-leeds-54470312,RefSum,1,0,1,0,0,0,1
465,uk-england-leicestershire-51356195,facebook/bart-large-cnn,0,0,0,0.29411764705882354,0,0,0
466,uk-england-leicestershire-51356195,google/pegasus-xsum,0,0,0,0.18181818181818182,0.25,0,0
467,uk-england-leicestershire-51356195,t5-large,0,0,0,0.12903225806451613,0,0,0
468,uk-england-leicestershire-51356195,gpt-3.5-turbo,0,0,0,0.3888888888888889,0,0,0
469,uk-england-leicestershire-51356195,RefSum,0,0,0,0,0,0,0
470,uk-england-leicestershire-57039871,facebook/bart-large-cnn,0,0,0,0.6829268292682927,0,0,0
471,uk-england-leicestershire-57039871,google/pegasus-xsum,0,0,0,0,0,0,0
472,uk-england-leicestershire-57039871,t5-large,0,0,0,0.4444444444444444,0.1111111111111111,0,0
473,uk-england-leicestershire-57039871,gpt-3.5-turbo,0,0,0,0.5853658536585366,0.14285714285714285,0,0
474,uk-england-leicestershire-57039871,RefSum,0,0,0,0,0,0,0
475,uk-england-lincolnshire-46126855,facebook/bart-large-cnn,0,0,0,0.5714285714285714,0.3333333333333333,0,0
476,uk-england-lincolnshire-46126855,google/pegasus-xsum,1,0,1,0,0,0,1
477,uk-england-lincolnshire-46126855,t5-large,0,0,0,0.4,0,0,0
478,uk-england-lincolnshire-46126855,gpt-3.5-turbo,0,0,0,0.36363636363636365,0.3333333333333333,0,0
479,uk-england-lincolnshire-46126855,RefSum,1,0,1,0,0,0,1
480,uk-england-lincolnshire-46566950,facebook/bart-large-cnn,0,0,0,0.6923076923076923,0,0,0
481,uk-england-lincolnshire-46566950,google/pegasus-xsum,0,0,0,0,0,0,0
482,uk-england-lincolnshire-46566950,t5-large,0,0,0,0.5217391304347826,0,0,0
483,uk-england-lincolnshire-46566950,gpt-3.5-turbo,0,0,0,0.6153846153846154,0.1111111111111111,0,0
484,uk-england-lincolnshire-46566950,RefSum,0,0,0,0,0,0,0
485,uk-england-london-19691122,facebook/bart-large-cnn,0.2864637985309549,0.125,0.2,0.5238095238095238,0.14285714285714285,0.14285714285714285,0.2
486,uk-england-london-19691122,google/pegasus-xsum,0.8992576882290562,0.3157894736842105,0.8,0.125,0,0,0.8
487,uk-england-london-19691122,t5-large,0,0,0,0.13333333333333333,0,2,0
488,uk-england-london-19691122,gpt-3.5-turbo,0.39845758354755784,0.2222222222222222,0.3076923076923077,0.5,0.3,0,0.30769230769230765
489,uk-england-london-19691122,RefSum,0.91701244813278,0.3,1,0.11764705882352941,0,0,1
490,uk-england-london-28177979,facebook/bart-large-cnn,0,0,0,0.4444444444444444,0.14285714285714285,0.2857142857142857,0
491,uk-england-london-28177979,google/pegasus-xsum,0.600924499229584,0.21428571428571427,0.5,0.3076923076923077,0.16666666666666666,0,0.5
492,uk-england-london-28177979,t5-large,0,0,0,0.5185185185185185,0,0.2857142857142857,0
493,uk-england-london-28177979,gpt-3.5-turbo,0.4970414201183432,0.2,0.4,0.35714285714285715,0.25,0,0.4
494,uk-england-london-28177979,RefSum,0.9322033898305085,0.25,1,0.09090909090909091,0,0,1
495,uk-england-london-46741638,facebook/bart-large-cnn,0.5621621621621622,0.1111111111111111,0.3333333333333333,0.34615384615384615,0,0,0.33333333333333337
496,uk-england-london-46741638,google/pegasus-xsum,0.4864359214218897,0.1111111111111111,0.3333333333333333,0.2692307692307692,0.2,0,0.33333333333333337
497,uk-england-london-46741638,t5-large,0.4909090909090909,0.10714285714285714,0.2857142857142857,0.4074074074074074,0,0,0.2857142857142857
498,uk-england-london-46741638,gpt-3.5-turbo,0.6479690522243714,0.11538461538461539,0.4,0.28,0,0,0.4
499,uk-england-london-46741638,RefSum,0.9613445378151261,0.13043478260869565,1,0.045454545454545456,0,0,1
500,uk-england-merseyside-44696813,facebook/bart-large-cnn,0,0,0,0.10526315789473684,0,0.5,0
501,uk-england-merseyside-44696813,google/pegasus-xsum,0,0,0,0.05405405405405406,0,1,0
502,uk-england-merseyside-44696813,t5-large,0,0,0,0.10526315789473684,0,0.5,0
503,uk-england-merseyside-44696813,gpt-3.5-turbo,0.36395538288006013,0.06,0.2857142857142857,0.2708333333333333,0.3333333333333333,0,0.2857142857142857
504,uk-england-merseyside-44696813,RefSum,0.9761051373954599,0.075,1,0.02631578947368421,0,0,1
505,uk-england-merseyside-46905959,facebook/bart-large-cnn,0,0,0,0.1111111111111111,0,1,0
506,uk-england-merseyside-46905959,google/pegasus-xsum,0.425069436058447,0.13043478260869565,0.3333333333333333,0.22727272727272727,0.4,0,0.33333333333333337
507,uk-england-merseyside-46905959,t5-large,0,0,0,0,1,1,0
508,uk-england-merseyside-46905959,gpt-3.5-turbo,0.2635619803891461,0.10714285714285714,0.18181818181818182,0.4074074074074074,0.4,0,0.18181818181818182
509,uk-england-merseyside-46905959,RefSum,0.9542168674698795,0.15789473684210525,1,0.05555555555555555,0,0,1
510,uk-england-norfolk-40306087,facebook/bart-large-cnn,0,0,0,0.3157894736842105,0,0,0
511,uk-england-norfolk-40306087,google/pegasus-xsum,0,0,0,0.11764705882352941,0,0,0
512,uk-england-norfolk-40306087,t5-large,0,0,0,0.3157894736842105,0,0,0
513,uk-england-norfolk-40306087,gpt-3.5-turbo,0,0,0,0.4,0,0,0
514,uk-england-norfolk-40306087,RefSum,1,0,1,0,0,0,1
515,uk-england-nottinghamshire-45500984,facebook/bart-large-cnn,0,0,0,0.16666666666666666,0.6666666666666666,0,0
516,uk-england-nottinghamshire-45500984,google/pegasus-xsum,0,0,0,0,0,0,0
517,uk-england-nottinghamshire-45500984,t5-large,0,0,0,0.16666666666666666,0.6666666666666666,0,0
518,uk-england-nottinghamshire-45500984,gpt-3.5-turbo,0,0,0,0.18181818181818182,0.5,0,0
519,uk-england-nottinghamshire-45500984,RefSum,1,0,1,0,0,0,1
520,uk-england-oxfordshire-20503005,facebook/bart-large-cnn,0,0,0,0.375,0,0,0
521,uk-england-oxfordshire-20503005,google/pegasus-xsum,0,0,0,0.5555555555555556,0,0,0
522,uk-england-oxfordshire-20503005,t5-large,0,0,0,0.375,0,0,0
523,uk-england-oxfordshire-20503005,gpt-3.5-turbo,0,0,0,0.4444444444444444,0.2,0,0
524,uk-england-oxfordshire-20503005,RefSum,0,0,0,0,0,0,0
525,uk-england-oxfordshire-55400161,facebook/bart-large-cnn,0.4855994641661085,0.1875,0.3333333333333333,0.5517241379310345,0,0,0.3333333333333333
526,uk-england-oxfordshire-55400161,google/pegasus-xsum,0.3736654804270462,0.125,0.5,0.047619047619047616,0,1,0.5
527,uk-england-oxfordshire-55400161,t5-large,0.44929396662387683,0.18181818181818182,0.3076923076923077,0.6,0,0,0.30769230769230765
528,uk-england-oxfordshire-55400161,gpt-3.5-turbo,0.33999048977650975,0.16666666666666666,0.25,0.42424242424242425,0.38461538461538464,0,0.25
529,uk-england-oxfordshire-55400161,RefSum,0.934010152284264,0.23076923076923078,1,0.08695652173913043,0,0,1
530,uk-england-somerset-35861548,facebook/bart-large-cnn,0,0,0,0.6666666666666666,0,0,0
531,uk-england-somerset-35861548,google/pegasus-xsum,0,0,0,0,0,0,0
532,uk-england-somerset-35861548,t5-large,0,0,0,0.6153846153846154,0,0,0
533,uk-england-somerset-35861548,gpt-3.5-turbo,0,0,0,0.2727272727272727,0.25,0,0
534,uk-england-somerset-35861548,RefSum,1,0,1,0,0,0,1
535,uk-england-somerset-39684631,facebook/bart-large-cnn,0,0,0,0.43478260869565216,0,0,0
536,uk-england-somerset-39684631,google/pegasus-xsum,0,0,0,0,1,0,0
537,uk-england-somerset-39684631,t5-large,0,0,0,0.43478260869565216,0,0,0
538,uk-england-somerset-39684631,gpt-3.5-turbo,0,0,0,0.34782608695652173,0.2,0,0
539,uk-england-somerset-39684631,RefSum,0,0,0,0,0,0,0
540,uk-england-south-yorkshire-49700817,facebook/bart-large-cnn,0,0,0,0.2857142857142857,0.3333333333333333,0,0
541,uk-england-south-yorkshire-49700817,google/pegasus-xsum,0.6363636363636364,0,0.5,0.2857142857142857,0,0,0.5
542,uk-england-south-yorkshire-49700817,t5-large,0,0,0,0.16666666666666666,0,0,0
543,uk-england-south-yorkshire-49700817,gpt-3.5-turbo,0,0,0,0.2857142857142857,0.3333333333333333,0,0
544,uk-england-south-yorkshire-49700817,RefSum,1,0,1,0,0,0,1
545,uk-england-south-yorkshire-54572565,facebook/bart-large-cnn,0,0,0,0.06896551724137931,0.6666666666666666,0,0
546,uk-england-south-yorkshire-54572565,google/pegasus-xsum,0.7058823529411765,0,0.8,0,0.3333333333333333,0,0.8
547,uk-england-south-yorkshire-54572565,t5-large,0,0,0,0.36363636363636365,0.14285714285714285,0,0
548,uk-england-south-yorkshire-54572565,gpt-3.5-turbo,0,0,0,0.2,0.25,0,0
549,uk-england-south-yorkshire-54572565,RefSum,1,0,1,0,0,0,1
550,uk-england-south-yorkshire-55768636,facebook/bart-large-cnn,0.20648064806480648,0.07894736842105263,0.125,0.7837837837837838,0,0,0.125
551,uk-england-south-yorkshire-55768636,google/pegasus-xsum,0.9627906976744186,0.125,1,0.043478260869565216,0,0,1
552,uk-england-south-yorkshire-55768636,t5-large,0.24050632911392403,0.08333333333333333,0.14285714285714285,0.7142857142857143,0,0,0.14285714285714288
553,uk-england-south-yorkshire-55768636,gpt-3.5-turbo,0.38949671772428884,0.0967741935483871,0.2222222222222222,0.5,0,0,0.2222222222222222
554,uk-england-south-yorkshire-55768636,RefSum,0.9627906976744186,0.125,1,0.043478260869565216,0,0,1
555,uk-england-stoke-staffordshire-25680638,facebook/bart-large-cnn,0,0,0,0.36363636363636365,0,0,0
556,uk-england-stoke-staffordshire-25680638,google/pegasus-xsum,0,0,0,0,0,0,0
557,uk-england-stoke-staffordshire-25680638,t5-large,0,0,0,0.5,0,0,0
558,uk-england-stoke-staffordshire-25680638,gpt-3.5-turbo,0,0,0,0.18181818181818182,0.5,0,0
559,uk-england-stoke-staffordshire-25680638,RefSum,0,0,0,0,0,0,0
560,uk-england-suffolk-18282208,facebook/bart-large-cnn,0,0,0,0.375,0.25,0,0
561,uk-england-suffolk-18282208,google/pegasus-xsum,0,0,0,0,1,0,0
562,uk-england-suffolk-18282208,t5-large,0,0,0,0,1,0,0
563,uk-england-suffolk-18282208,gpt-3.5-turbo,0,0,0,0.35294117647058826,0.4,0,0
564,uk-england-suffolk-18282208,RefSum,1,0,1,0,0,0,1
565,uk-england-suffolk-46071589,facebook/bart-large-cnn,0,0,0,0.3076923076923077,0,0,0
566,uk-england-suffolk-46071589,google/pegasus-xsum,0,0,0,0,0,0,0
567,uk-england-suffolk-46071589,t5-large,0,0,0,0.16666666666666666,0,0,0
568,uk-england-suffolk-46071589,gpt-3.5-turbo,0,0,0,0.26666666666666666,0.5,0,0
569,uk-england-suffolk-46071589,RefSum,1,0,1,0,0,0,1
570,uk-england-tees-17350377,facebook/bart-large-cnn,0,0,0,0.8571428571428571,0,0,0
571,uk-england-tees-17350377,google/pegasus-xsum,0,0,0,0,1,0,0
572,uk-england-tees-17350377,t5-large,0,0,0,0.7692307692307693,0,0,0
573,uk-england-tees-17350377,gpt-3.5-turbo,0,0,0,0.5,0.25,0,0
574,uk-england-tees-17350377,RefSum,1,0,1,0,0,0,1
575,uk-england-tees-44279080,facebook/bart-large-cnn,0.4099233056816403,0.20689655172413793,0.3076923076923077,0.7407407407407407,0,0,0.3076923076923077
576,uk-england-tees-44279080,google/pegasus-xsum,0.4936708860759494,0.15,0.5,0.16666666666666666,0,0.5,0.5
577,uk-england-tees-44279080,t5-large,0.4099233056816403,0.20689655172413793,0.3076923076923077,0.7407407407407407,0,0,0.3076923076923077
578,uk-england-tees-44279080,gpt-3.5-turbo,0.2379436574884609,0.10714285714285714,0.16666666666666666,0.5769230769230769,0.2,0.1,0.16666666666666669
579,uk-england-tees-44279080,RefSum,0.921259842519685,0.3,1,0.1111111111111111,0,0,1
580,uk-england-tyne-55201101,facebook/bart-large-cnn,0.2727272727272727,0.10714285714285714,0.14285714285714285,0.5238095238095238,0.14285714285714285,0,0.14285714285714285
581,uk-england-tyne-55201101,google/pegasus-xsum,0.8528428093645485,0.13636363636363635,0.25,0.06666666666666667,0,0,0.25
582,uk-england-tyne-55201101,t5-large,0.30053320407174017,0.1111111111111111,0.15384615384615385,0.45,0.16666666666666666,0,0.15384615384615383
583,uk-england-tyne-55201101,gpt-3.5-turbo,0.43636968822811484,0.1,0.375,0.391304347826087,0.2222222222222222,0,0.375
584,uk-england-tyne-55201101,RefSum,0.9587628865979381,0.10714285714285714,1,0.047619047619047616,0,0,1
585,uk-england-wiltshire-54161565,facebook/bart-large-cnn,0,0,0,0.5454545454545454,0,0,0
586,uk-england-wiltshire-54161565,google/pegasus-xsum,0,0,0,0.2222222222222222,0,0,0
587,uk-england-wiltshire-54161565,t5-large,0,0,0,0.2222222222222222,0,0,0
588,uk-england-wiltshire-54161565,gpt-3.5-turbo,0,0,0,0.5454545454545454,0,0,0
589,uk-england-wiltshire-54161565,RefSum,0,0,0,0,0,0,0
590,uk-england-york-north-yorkshire-44287634,facebook/bart-large-cnn,0,0,0,0.9230769230769231,0,0,0
591,uk-england-york-north-yorkshire-44287634,google/pegasus-xsum,0,0,0,0,0,0,0
592,uk-england-york-north-yorkshire-44287634,t5-large,0,0,0,0.4444444444444444,0,0,0
593,uk-england-york-north-yorkshire-44287634,gpt-3.5-turbo,0,0,0,0.25,0,0,0
594,uk-england-york-north-yorkshire-44287634,RefSum,0,0,0,0,0,0,0
595,uk-england-york-north-yorkshire-54811576,facebook/bart-large-cnn,0,0,0,0.2,0,0.5,0
596,uk-england-york-north-yorkshire-54811576,google/pegasus-xsum,0,0,0,0.2857142857142857,0,0.3333333333333333,0
597,uk-england-york-north-yorkshire-54811576,t5-large,0,0,0,0.2,0,0.5,0
598,uk-england-york-north-yorkshire-54811576,gpt-3.5-turbo,0,0,0,0.46153846153846156,0.25,0.125,0
599,uk-england-york-north-yorkshire-54811576,RefSum,0.9578544061302682,0.13636363636363635,1,0.05,0,0,1
600,uk-northern-ireland-11997538,facebook/bart-large-cnn,0,0,0,0.7058823529411765,0,0,0
601,uk-northern-ireland-11997538,google/pegasus-xsum,0,0,0,0.125,0.8,0,0
602,uk-northern-ireland-11997538,t5-large,0,0,0,0.3076923076923077,0,0,0
603,uk-northern-ireland-11997538,gpt-3.5-turbo,0,0,0,0.7368421052631579,0.125,0,0
604,uk-northern-ireland-11997538,RefSum,1,0,1,0,0,0,1
605,uk-northern-ireland-21704879,facebook/bart-large-cnn,0,0,0,0.4827586206896552,0,0,0
606,uk-northern-ireland-21704879,google/pegasus-xsum,0,0,0,0,0,0,0
607,uk-northern-ireland-21704879,t5-large,0,0,0,0.2962962962962963,0.2,0,0
608,uk-northern-ireland-21704879,gpt-3.5-turbo,0.4444444444444445,0,0.2857142857142857,0.35714285714285715,0,0,0.2857142857142857
609,uk-northern-ireland-21704879,RefSum,1,0,1,0,0,0,1
610,uk-northern-ireland-37680586,facebook/bart-large-cnn,0,0,0,0.4186046511627907,0,0.1111111111111111,0
611,uk-northern-ireland-37680586,google/pegasus-xsum,0.5555293562838953,0.07692307692307693,0.4,0.13157894736842105,0.25,0,0.4
612,uk-northern-ireland-37680586,t5-large,0,0,0,0.4186046511627907,0,0.1111111111111111,0
613,uk-northern-ireland-37680586,gpt-3.5-turbo,0,0,0,0.27906976744186046,0.3333333333333333,0.1111111111111111,0
614,uk-northern-ireland-37680586,RefSum,0.9743040685224841,0.08333333333333333,1,0.02857142857142857,0,0,1
615,uk-northern-ireland-40941393,facebook/bart-large-cnn,0.8526959421901056,0.05660377358490566,0.5,0.09615384615384616,0,0,0.5
616,uk-northern-ireland-40941393,google/pegasus-xsum,0,0,0,0.04,0,1,0
617,uk-northern-ireland-40941393,t5-large,0,0,0,0,0,0,0
618,uk-northern-ireland-40941393,gpt-3.5-turbo,0.6994535519125683,0.05454545454545454,0.3333333333333333,0.16666666666666666,0,0,0.33333333333333337
619,uk-northern-ireland-40941393,RefSum,0.9814612868047983,0.058823529411764705,1,0.02,0,0,1
620,uk-northern-ireland-56527822,facebook/bart-large-cnn,0.6275229357798165,0.10344827586206896,0.3333333333333333,0.25925925925925924,0,0,0.3333333333333333
621,uk-northern-ireland-56527822,google/pegasus-xsum,0.6275229357798165,0.10344827586206896,0.3333333333333333,0.25925925925925924,0,0,0.3333333333333333
622,uk-northern-ireland-56527822,t5-large,0.5454545454545454,0.1,0.2857142857142857,0.32142857142857145,0,0,0.28571428571428575
623,uk-northern-ireland-56527822,gpt-3.5-turbo,0.4908331820657107,0.08823529411764706,0.36363636363636365,0.46875,0,0,0.3636363636363636
624,uk-northern-ireland-56527822,RefSum,0.9652509652509652,0.1111111111111111,1,0.04,0,0,1
625,uk-politics-12657524,facebook/bart-large-cnn,0,0,0,0.25,0,0.6666666666666666,0
626,uk-politics-12657524,google/pegasus-xsum,0.37271301620491376,0.12,0.5,0.043478260869565216,0.5,0.5,0.5
627,uk-politics-12657524,t5-large,0,0,0,0.17391304347826086,0,1,0
628,uk-politics-12657524,gpt-3.5-turbo,0.3002939941201176,0.10714285714285714,0.2857142857142857,0.11538461538461539,0.6,0.2,0.28571428571428575
629,uk-politics-12657524,RefSum,0.9344692005242464,0.24,1,0.08695652173913043,0,0,1
630,uk-politics-17450719,facebook/bart-large-cnn,0,0,0,0.09523809523809523,0,0,0
631,uk-politics-17450719,google/pegasus-xsum,0.3888888888888889,0,0.3333333333333333,0.023809523809523808,0.5,0,0.3333333333333333
632,uk-politics-17450719,t5-large,0,0,0,0.09523809523809523,0,0,0
633,uk-politics-17450719,gpt-3.5-turbo,0.2767031118587048,0,0.125,0.2553191489361702,0.07142857142857142,0,0.125
634,uk-politics-17450719,RefSum,1,0,1,0,0,0,1
635,uk-politics-20775071,facebook/bart-large-cnn,0,0,0,0.24242424242424243,0,0.25,0
636,uk-politics-20775071,google/pegasus-xsum,0.3333333333333333,0,0.5,0,0.5,0.5,0.5
637,uk-politics-20775071,t5-large,0,0,0,0.06666666666666667,0,1,0
638,uk-politics-20775071,gpt-3.5-turbo,0.4798008807198928,0.07894736842105263,0.4444444444444444,0.1388888888888889,0.42857142857142855,0,0.4444444444444445
639,uk-politics-20775071,RefSum,0.9712793733681462,0.09090909090909091,1,0.03225806451612903,0,0,1
640,uk-politics-21697489,facebook/bart-large-cnn,0,0,0,0.16,0,0,0
641,uk-politics-21697489,google/pegasus-xsum,0,0,0,0.08,0.5,0,0
642,uk-politics-21697489,t5-large,0,0,0,0.08333333333333333,0,0,0
643,uk-politics-21697489,gpt-3.5-turbo,0,0,0,0.07142857142857142,0.8,0,0
644,uk-politics-21697489,RefSum,1,0,1,0,0,0,1
645,uk-politics-27023540,facebook/bart-large-cnn,0,0,0,0.3225806451612903,0,0.4,0
646,uk-politics-27023540,google/pegasus-xsum,0.30704076230809957,0.09090909090909091,0.2857142857142857,0.1,0.5,0.25,0.28571428571428575
647,uk-politics-27023540,t5-large,0,0,0,0.26666666666666666,0,0.5,0
648,uk-politics-27023540,gpt-3.5-turbo,0.20287113521239256,0.07317073170731707,0.13333333333333333,0.39473684210526316,0.3333333333333333,0.08333333333333333,0.13333333333333333
649,uk-politics-27023540,RefSum,0.9451114922813036,0.1875,1,0.06896551724137931,0,0,1
650,uk-politics-30142579,facebook/bart-large-cnn,0,0,0,0.11428571428571428,0,0,0
651,uk-politics-30142579,google/pegasus-xsum,0,0,0,0.058823529411764705,0,0,0
652,uk-politics-30142579,t5-large,0,0,0,0.058823529411764705,0,0,0
653,uk-politics-30142579,gpt-3.5-turbo,0,0,0,0.16216216216216217,0.25,0,0
654,uk-politics-30142579,RefSum,1,0,1,0,0,0,1
655,uk-politics-33632605,facebook/bart-large-cnn,0,0,0,0.08333333333333333,0,0,0
656,uk-politics-33632605,google/pegasus-xsum,0,0,0,0,0,0,0
657,uk-politics-33632605,t5-large,0,0,0,0.04081632653061224,0.6666666666666666,0,0
658,uk-politics-33632605,gpt-3.5-turbo,0,0,0,0.18518518518518517,0.375,0,0
659,uk-politics-33632605,RefSum,0,0,0,0,0,0,0
660,uk-politics-35107203,facebook/bart-large-cnn,0.959780621572212,0.13636363636363635,1,0.047619047619047616,0,0,1
661,uk-politics-35107203,google/pegasus-xsum,0,0,0,0,1,1,0
662,uk-politics-35107203,t5-large,0,0,0,0.13953488372093023,0,0.6666666666666666,0
663,uk-politics-35107203,gpt-3.5-turbo,0,0,0,0.04878048780487805,0,2,0
664,uk-politics-35107203,RefSum,0.959780621572212,0.13636363636363635,1,0.047619047619047616,0,0,1
665,uk-politics-36836980,facebook/bart-large-cnn,0,0,0,0.18181818181818182,0,0,0
666,uk-politics-36836980,google/pegasus-xsum,0,0,0,0.09523809523809523,0,0,0
667,uk-politics-36836980,t5-large,0,0,0,0,0,0,0
668,uk-politics-36836980,gpt-3.5-turbo,0,0,0,0.17391304347826086,0.3333333333333333,0,0
669,uk-politics-36836980,RefSum,0,0,0,0,0,0,0
670,uk-politics-48721211,facebook/bart-large-cnn,0.45401629802095456,0.07142857142857142,0.2857142857142857,0.1794871794871795,0,0.25,0.28571428571428575
671,uk-politics-48721211,google/pegasus-xsum,0.946164199192463,0.15,0.8,0.05405405405405406,0,0,0.8
672,uk-politics-48721211,t5-large,0.35952063914780286,0.07692307692307693,0.5,0.027777777777777776,0,1,0.5
673,uk-politics-48721211,gpt-3.5-turbo,0.6462984723854288,0.13953488372093023,0.5,0.15,0.2,0,0.5
674,uk-politics-48721211,RefSum,0.9561027837259101,0.14634146341463414,1,0.05263157894736842,0,0,1
675,uk-scotland-12847865,facebook/bart-large-cnn,0.5495689655172414,0.2727272727272727,0.5,0.3,0.3333333333333333,0,0.5
676,uk-scotland-12847865,google/pegasus-xsum,0,0,0,0,0,0,0
677,uk-scotland-12847865,t5-large,0.7435897435897436,0.3,0.6666666666666666,0.3333333333333333,0,0,0.6666666666666666
678,uk-scotland-12847865,gpt-3.5-turbo,0.9142857142857143,0.3333333333333333,1,0.125,0,0,1
679,uk-scotland-12847865,RefSum,0.9142857142857143,0.3333333333333333,1,0.125,0,0,1
680,uk-scotland-30483308,facebook/bart-large-cnn,0,0,0,0.7692307692307693,0,0.2,0
681,uk-scotland-30483308,google/pegasus-xsum,0.5125,0.23076923076923078,0.4,0.1,0.5,0,0.4
682,uk-scotland-30483308,t5-large,0,0,0,0.7692307692307693,0,0.2,0
683,uk-scotland-30483308,gpt-3.5-turbo,0.8709677419354839,0.25,0.5,0.1111111111111111,0,0,0.5
684,uk-scotland-30483308,RefSum,0.9303482587064678,0.21428571428571427,1,0.09090909090909091,0,0,1
685,uk-scotland-39699827,facebook/bart-large-cnn,0.5454545454545455,0.2,0.4,0.5,0,0,0.4
686,uk-scotland-39699827,google/pegasus-xsum,0.42211055276381915,0.2,0.4,0.07142857142857142,0.75,0,0.4
687,uk-scotland-39699827,t5-large,0.7821229050279329,0.23076923076923078,0.6666666666666666,0.25,0,0,0.6666666666666666
688,uk-scotland-39699827,gpt-3.5-turbo,0.33147632311977715,0.16666666666666666,0.25,0.4117647058823529,0.42857142857142855,0,0.25
689,uk-scotland-39699827,RefSum,0.9322033898305085,0.25,1,0.09090909090909091,0,0,1
690,uk-scotland-55260118,facebook/bart-large-cnn,0,0,0,0.3157894736842105,0.1,0.1,0
691,uk-scotland-55260118,google/pegasus-xsum,0.8482142857142857,0.058823529411764705,0.5,0.1,0,0,0.5
692,uk-scotland-55260118,t5-large,0,0,0,0.2222222222222222,0.14285714285714285,0.14285714285714285,0
693,uk-scotland-55260118,gpt-3.5-turbo,0,0,0,0.24561403508771928,0.3,0.1,0
694,uk-scotland-55260118,RefSum,0.9807465618860511,0.061224489795918366,1,0.020833333333333332,0,0,1
695,uk-scotland-glasgow-west-23712511,facebook/bart-large-cnn,0,0,0,0.47619047619047616,0,0,0
696,uk-scotland-glasgow-west-23712511,google/pegasus-xsum,0,0,0,0,1,0,0
697,uk-scotland-glasgow-west-23712511,t5-large,0,0,0,0.47619047619047616,0,0,0
698,uk-scotland-glasgow-west-23712511,gpt-3.5-turbo,0,0,0,0.34146341463414637,0.2222222222222222,0,0
699,uk-scotland-glasgow-west-23712511,RefSum,1,0,1,0,0,0,1
700,uk-scotland-north-east-orkney-shetland-39254354,facebook/bart-large-cnn,0,0,0,0.5333333333333333,0,0.25,0
701,uk-scotland-north-east-orkney-shetland-39254354,google/pegasus-xsum,0.9397590361445783,0.2,1,0.07692307692307693,0,0,1
702,uk-scotland-north-east-orkney-shetland-39254354,t5-large,0.5220883534136546,0.17647058823529413,0.3333333333333333,0.4666666666666667,0,0,0.3333333333333333
703,uk-scotland-north-east-orkney-shetland-39254354,gpt-3.5-turbo,0.6219281663516069,0.1875,0.4,0.35714285714285715,0,0,0.4
704,uk-scotland-north-east-orkney-shetland-39254354,RefSum,0.9397590361445783,0.2,1,0.07692307692307693,0,0,1
705,uk-scotland-north-east-orkney-shetland-55564441,facebook/bart-large-cnn,0,0,0,0.8571428571428571,0,0,0
706,uk-scotland-north-east-orkney-shetland-55564441,google/pegasus-xsum,0,0,0,0.4,0,0,0
707,uk-scotland-north-east-orkney-shetland-55564441,t5-large,0,0,0,0.5454545454545454,0,0,0
708,uk-scotland-north-east-orkney-shetland-55564441,gpt-3.5-turbo,0,0,0,0.5454545454545454,0,0,0
709,uk-scotland-north-east-orkney-shetland-55564441,RefSum,0,0,0,0,0,0,0
710,uk-scotland-scotland-politics-40855469,facebook/bart-large-cnn,0,0,0,0.42105263157894735,0,0.25,0
711,uk-scotland-scotland-politics-40855469,google/pegasus-xsum,0.9495548961424333,0.17647058823529413,1,0.0625,0,0,1
712,uk-scotland-scotland-politics-40855469,t5-large,0,0,0,0.23529411764705882,0,0.5,0
713,uk-scotland-scotland-politics-40855469,gpt-3.5-turbo,0.33469150174621654,0.125,0.2222222222222222,0.5652173913043478,0.125,0,0.2222222222222222
714,uk-scotland-scotland-politics-40855469,RefSum,0.9495548961424333,0.17647058823529413,1,0.0625,0,0,1
715,uk-scotland-scotland-politics-41036484,facebook/bart-large-cnn,0,0,0,0.2608695652173913,0,0,0
716,uk-scotland-scotland-politics-41036484,google/pegasus-xsum,1,0,1,0,0,0,1
717,uk-scotland-scotland-politics-41036484,t5-large,0,0,0,0.2608695652173913,0,0,0
718,uk-scotland-scotland-politics-41036484,gpt-3.5-turbo,0.36,0,0.25,0.4444444444444444,0,0,0.25
719,uk-scotland-scotland-politics-41036484,RefSum,1,0,1,0,0,0,1
720,uk-scotland-scotland-politics-46541974,facebook/bart-large-cnn,0.565587734241908,0.03529411764705882,0.2,0.18072289156626506,0,0,0.2
721,uk-scotland-scotland-politics-46541974,google/pegasus-xsum,0,0,0,0.07692307692307693,0,0.3333333333333333,0
722,uk-scotland-scotland-politics-46541974,t5-large,0,0,0,0.05194805194805195,0,0.5,0
723,uk-scotland-scotland-politics-46541974,gpt-3.5-turbo,0.45518423307626393,0.03529411764705882,0.2,0.1566265060240964,0.125,0,0.2
724,uk-scotland-scotland-politics-46541974,RefSum,0.9876427342405757,0.0379746835443038,1,0.012987012987012988,0,0,1
725,uk-scotland-south-scotland-42521987,facebook/bart-large-cnn,0.4909090909090909,0.10714285714285714,0.2857142857142857,0.4074074074074074,0,0,0.2857142857142857
726,uk-scotland-south-scotland-42521987,google/pegasus-xsum,0,0,0,0.17391304347826086,0,0.5,0
727,uk-scotland-south-scotland-42521987,t5-large,0,0,0,0.17391304347826086,0,0.5,0
728,uk-scotland-south-scotland-42521987,gpt-3.5-turbo,0.3838429940666362,0.1,0.2222222222222222,0.5172413793103449,0,0,0.2222222222222222
729,uk-scotland-south-scotland-42521987,RefSum,0.9613445378151261,0.13043478260869565,1,0.045454545454545456,0,0,1
730,uk-scotland-tayside-central-52832380,facebook/bart-large-cnn,0,0,0,0.19047619047619047,0,1.5,0
731,uk-scotland-tayside-central-52832380,google/pegasus-xsum,0.638205499276411,0.25,0.8,0.09523809523809523,0,0.5,0.8
732,uk-scotland-tayside-central-52832380,t5-large,0,0,0,0.1,0,3,0
733,uk-scotland-tayside-central-52832380,gpt-3.5-turbo,0.39949883658492935,0.2,0.36363636363636365,0.2222222222222222,0.5,0.125,0.36363636363636365
734,uk-scotland-tayside-central-52832380,RefSum,0.9088699878493318,0.36,1,0.13636363636363635,0,0,1
735,uk-scotland-tayside-central-54816794,facebook/bart-large-cnn,0.38843318450835845,0.0967741935483871,0.25,0.3793103448275862,0,0.16666666666666666,0.25
736,uk-scotland-tayside-central-54816794,google/pegasus-xsum,0.37012113055181695,0.1111111111111111,0.5,0.04,0.5,0.5,0.5
737,uk-scotland-tayside-central-54816794,t5-large,0.3724137931034483,0.1,0.2857142857142857,0.25,0.2,0.2,0.28571428571428575
738,uk-scotland-tayside-central-54816794,gpt-3.5-turbo,0.338393579294469,0.15384615384615385,0.25,0.43243243243243246,0.35714285714285715,0,0.25
739,uk-scotland-tayside-central-54816794,RefSum,0.9385665529010239,0.2222222222222222,1,0.08,0,0,1
740,uk-wales-16169000,facebook/bart-large-cnn,0,0,0,0.18604651162790697,0,0.25,0
741,uk-wales-16169000,google/pegasus-xsum,0,0,0,0,0,0,0
742,uk-wales-16169000,t5-large,0,0,0,0.14285714285714285,0,0.3333333333333333,0
743,uk-wales-16169000,gpt-3.5-turbo,0.31712604521523696,0.061224489795918366,0.2,0.22916666666666666,0.3333333333333333,0,0.19999999999999998
744,uk-wales-16169000,RefSum,0.9772348695169352,0.07317073170731707,1,0.025,0,0,1
745,uk-wales-16948284,facebook/bart-large-cnn,0,0,0,0.3103448275862069,0,0,0
746,uk-wales-16948284,google/pegasus-xsum,0,0,0,0.10909090909090909,0.5,0,0
747,uk-wales-16948284,t5-large,0,0,0,0.2807017543859649,0,0,0
748,uk-wales-16948284,gpt-3.5-turbo,0,0,0,0.23728813559322035,0.3,0,0
749,uk-wales-16948284,RefSum,1,0,1,0,0,0,1
750,uk-wales-25181546,facebook/bart-large-cnn,0.5719844357976653,0.13636363636363635,0.5,0.14285714285714285,0.3333333333333333,0,0.5
751,uk-wales-25181546,google/pegasus-xsum,0,0,0,0,1,1,0
752,uk-wales-25181546,t5-large,0.8436724565756824,0.14285714285714285,0.6666666666666666,0.15,0,0,0.6666666666666666
753,uk-wales-25181546,gpt-3.5-turbo,0,0,0,0.09523809523809523,0.6666666666666666,0.3333333333333333,0
754,uk-wales-25181546,RefSum,0.9562363238512035,0.15,1,0.05263157894736842,0,0,1
755,uk-wales-33793177,facebook/bart-large-cnn,0,0,0,0.3013698630136986,0.08333333333333333,0,0
756,uk-wales-33793177,google/pegasus-xsum,0,0,0,0.03225806451612903,0,0,0
757,uk-wales-33793177,t5-large,0,0,0,0.39473684210526316,0,0,0
758,uk-wales-33793177,gpt-3.5-turbo,0,0,0,0.4772727272727273,0.2222222222222222,0,0
759,uk-wales-33793177,RefSum,0,0,0,0,0,0,0
760,uk-wales-52063785,facebook/bart-large-cnn,0,0,0,0.25,0,0,0
761,uk-wales-52063785,google/pegasus-xsum,0,0,0,0.06896551724137931,0,0,0
762,uk-wales-52063785,t5-large,0,0,0,0.1935483870967742,0,0,0
763,uk-wales-52063785,gpt-3.5-turbo,0,0,0,0.1875,0.25,0,0
764,uk-wales-52063785,RefSum,0,0,0,0,0,0,0
765,uk-wales-56165569,facebook/bart-large-cnn,0,0,0,0.02631578947368421,0,1,0
766,uk-wales-56165569,google/pegasus-xsum,0,0,0,0,0,0,0
767,uk-wales-56165569,t5-large,0,0,0,0.10126582278481013,0,0.25,0
768,uk-wales-56165569,gpt-3.5-turbo,0,0,0,0.3695652173913043,0,0.058823529411764705,0
769,uk-wales-56165569,RefSum,0.9874939093714472,0.03896103896103896,1,0.013157894736842105,0,0,1
770,uk-wales-north-east-wales-14339132,facebook/bart-large-cnn,0,0,0,0.1875,0,0,0
771,uk-wales-north-east-wales-14339132,google/pegasus-xsum,0,0,0,0.06451612903225806,0.5,0,0
772,uk-wales-north-east-wales-14339132,t5-large,0,0,0,0.12903225806451613,0,0,0
773,uk-wales-north-east-wales-14339132,gpt-3.5-turbo,0,0,0,0.17647058823529413,0.4,0,0
774,uk-wales-north-east-wales-14339132,RefSum,1,0,1,0,0,0,1
775,uk-wales-north-east-wales-36173481,facebook/bart-large-cnn,0,0,0,0.7857142857142857,0,0,0
776,uk-wales-north-east-wales-36173481,google/pegasus-xsum,0,0,0,0.10526315789473684,0.5,0,0
777,uk-wales-north-east-wales-36173481,t5-large,0,0,0,0.7857142857142857,0,0,0
778,uk-wales-north-east-wales-36173481,gpt-3.5-turbo,0,0,0,0.6666666666666666,0.23076923076923078,0,0
779,uk-wales-north-east-wales-36173481,RefSum,1,0,1,0,0,0,1
780,uk-wales-politics-21794724,facebook/bart-large-cnn,0,0,0,0.375,0,0,0
781,uk-wales-politics-21794724,google/pegasus-xsum,0,0,0,0,1,0,0
782,uk-wales-politics-21794724,t5-large,0,0,0,0.35294117647058826,0.25,0,0
783,uk-wales-politics-21794724,gpt-3.5-turbo,0,0,0,0.5263157894736842,0.16666666666666666,0,0
784,uk-wales-politics-21794724,RefSum,0,0,0,0,0,0,0
785,uk-wales-politics-46180033,facebook/bart-large-cnn,0.256,0.08333333333333333,0.25,0.21875,0,0.75,0.25
786,uk-wales-politics-46180033,google/pegasus-xsum,0,0,0,0.06896551724137931,0,4,0
787,uk-wales-politics-46180033,t5-large,0.6081445927703615,0.23684210526315788,0.6,0.20588235294117646,0.16666666666666666,0.16666666666666666,0.6
788,uk-wales-politics-46180033,gpt-3.5-turbo,0.485981308411215,0.25,0.4,0.5,0.1875,0,0.4
789,uk-wales-politics-46180033,RefSum,0.9142857142857143,0.3333333333333333,1,0.125,0,0,1
790,uk-wales-politics-48586353,facebook/bart-large-cnn,0,0,0,0.2222222222222222,0,0,0
791,uk-wales-politics-48586353,google/pegasus-xsum,0,0,0,0.2222222222222222,0,0,0
792,uk-wales-politics-48586353,t5-large,0,0,0,0,0,0,0
793,uk-wales-politics-48586353,gpt-3.5-turbo,0,0,0,0.5454545454545454,0,0,0
794,uk-wales-politics-48586353,RefSum,0,0,0,0,0,0,0
795,uk-wales-south-east-wales-11521339,facebook/bart-large-cnn,0,0,0,0.36363636363636365,0,0.16666666666666666,0
796,uk-wales-south-east-wales-11521339,google/pegasus-xsum,0,0,0,0.13793103448275862,0,0.5,0
797,uk-wales-south-east-wales-11521339,t5-large,0,0,0,0.2,0,0.3333333333333333,0
798,uk-wales-south-east-wales-11521339,gpt-3.5-turbo,0,0,0,0.4444444444444444,0.1111111111111111,0.1111111111111111,0
799,uk-wales-south-east-wales-11521339,RefSum,0.9695181907571288,0.0967741935483871,1,0.034482758620689655,0,0,1
800,uk-wales-south-east-wales-26721638,facebook/bart-large-cnn,0,0,0,0.2,0,0,0
801,uk-wales-south-east-wales-26721638,google/pegasus-xsum,0,0,0,0.12903225806451613,0.5,0,0
802,uk-wales-south-east-wales-26721638,t5-large,0,0,0,0.13793103448275862,0,0,0
803,uk-wales-south-east-wales-26721638,gpt-3.5-turbo,0,0,0,0.30303030303030304,0.16666666666666666,0,0
804,uk-wales-south-east-wales-26721638,RefSum,1,0,1,0,0,0,1
805,uk-wales-south-west-wales-18354884,facebook/bart-large-cnn,0,0,0,0.5,0,0,0
806,uk-wales-south-west-wales-18354884,google/pegasus-xsum,0,0,0,0,1,0,0
807,uk-wales-south-west-wales-18354884,t5-large,0,0,0,0.36363636363636365,0,0,0
808,uk-wales-south-west-wales-18354884,gpt-3.5-turbo,0,0,0,0,1,0,0
809,uk-wales-south-west-wales-18354884,RefSum,1,0,1,0,0,0,1
810,uk-wales-south-west-wales-25024708,facebook/bart-large-cnn,0,0,0,0.38095238095238093,0,0,0
811,uk-wales-south-west-wales-25024708,google/pegasus-xsum,0.5714285714285715,0,0.6666666666666666,0,0.5,0,0.6666666666666666
812,uk-wales-south-west-wales-25024708,t5-large,0,0,0,0.45454545454545453,0,0,0
813,uk-wales-south-west-wales-25024708,gpt-3.5-turbo,0,0,0,0.45454545454545453,0,0,0
814,uk-wales-south-west-wales-25024708,RefSum,1,0,1,0,0,0,1
815,world-africa-39842686,facebook/bart-large-cnn,0.7753882915173237,0.1276595744680851,0.5,0.18181818181818182,0,0,0.5
816,world-africa-39842686,google/pegasus-xsum,0.5150501672240803,0.06666666666666667,0.6666666666666666,0.023809523809523808,0.3333333333333333,0.3333333333333333,0.6666666666666666
817,world-africa-39842686,t5-large,0.4368605277329025,0.06382978723404255,0.25,0.20454545454545456,0,0.2,0.25
818,world-africa-39842686,gpt-3.5-turbo,0.5336915480685449,0.11538461538461539,0.46153846153846156,0.20408163265306123,0.3,0,0.4615384615384615
819,world-africa-39842686,RefSum,0.9596774193548386,0.13333333333333333,1,0.047619047619047616,0,0,1
820,world-asia-31001251,facebook/bart-large-cnn,0.338368580060423,0.0410958904109589,0.2,0.18571428571428572,0,0.2857142857142857,0.2
821,world-asia-31001251,google/pegasus-xsum,0.5195277020890101,0.08695652173913043,0.6666666666666666,0.030303030303030304,0.3333333333333333,0.3333333333333333,0.6666666666666666
822,world-asia-31001251,t5-large,0.3544157540440068,0.04225352112676056,0.25,0.1323529411764706,0,0.4,0.25
823,world-asia-31001251,gpt-3.5-turbo,0.2808349146110057,0.03896103896103896,0.14285714285714285,0.28378378378378377,0,0.18181818181818182,0.14285714285714288
824,world-asia-31001251,RefSum,0.9613445378151261,0.13043478260869565,1,0.045454545454545456,0,0,1
825,world-asia-china-17503171,facebook/bart-large-cnn,0.5629965947786606,0.18181818181818182,0.4,0.45161290322580644,0,0,0.4
826,world-asia-china-17503171,google/pegasus-xsum,0.4963898916967509,0.1111111111111111,0.5,0.12,0,0.5,0.5
827,world-asia-china-17503171,t5-large,0.5629965947786606,0.18181818181818182,0.4,0.45161290322580644,0,0,0.4
828,world-asia-china-17503171,gpt-3.5-turbo,0,0,0,0.48484848484848486,0.2,0.2,0
829,world-asia-china-17503171,RefSum,0.9385665529010239,0.2222222222222222,1,0.08,0,0,1
830,world-asia-india-54113621,facebook/bart-large-cnn,0,0,0,0.125,0,0.6666666666666666,0
831,world-asia-india-54113621,google/pegasus-xsum,0.95579133510168,0.12,0.8,0.0425531914893617,0,0,0.8
832,world-asia-india-54113621,t5-large,0,0,0,0,0,0,0
833,world-asia-india-54113621,gpt-3.5-turbo,0.903954802259887,0.11764705882352941,0.6666666666666666,0.08333333333333333,0,0,0.6666666666666666
834,world-asia-india-54113621,RefSum,0.9640591966173361,0.11764705882352941,1,0.041666666666666664,0,0,1
835,world-asia-pacific-15169007,facebook/bart-large-cnn,0.5303030303030303,0.13636363636363635,0.36363636363636365,0.3,0,0.14285714285714285,0.36363636363636365
836,world-asia-pacific-15169007,google/pegasus-xsum,0.19094050851641572,0.07894736842105263,0.4,0.029411764705882353,0,2,0.4
837,world-asia-pacific-15169007,t5-large,0,0,0,0.16216216216216217,0.25,0.75,0
838,world-asia-pacific-15169007,gpt-3.5-turbo,0.5517609391675561,0.1875,0.4,0.38636363636363635,0.09090909090909091,0,0.39999999999999997
839,world-asia-pacific-15169007,RefSum,0.9376583882412569,0.21951219512195122,1,0.08108108108108109,0,0,1
840,world-europe-23003013,facebook/bart-large-cnn,0,0,0,0.29411764705882354,0,0.4,0
841,world-europe-23003013,google/pegasus-xsum,0.3640469738030714,0.09090909090909091,0.5,0.03225806451612903,0.5,0.5,0.5
842,world-europe-23003013,t5-large,0,0,0,0.06666666666666667,0,2,0
843,world-europe-23003013,gpt-3.5-turbo,0.8865153538050734,0.17647058823529413,0.8,0.125,0,0,0.8
844,world-europe-23003013,RefSum,0.9482352941176471,0.18181818181818182,1,0.06451612903225806,0,0,1
845,world-europe-25465092,facebook/bart-large-cnn,0.9228295819935691,0.1875,0.6666666666666666,0.07142857142857142,0,0,0.6666666666666666
846,world-europe-25465092,google/pegasus-xsum,0.4206805125939019,0.15789473684210525,0.3333333333333333,0.17647058823529413,0.5,0,0.3333333333333333
847,world-europe-25465092,t5-large,0.42683133141600405,0.09090909090909091,0.2857142857142857,0.1724137931034483,0,0.3333333333333333,0.28571428571428575
848,world-europe-25465092,gpt-3.5-turbo,0.7047105694867588,0.17142857142857143,0.4444444444444444,0.25806451612903225,0,0,0.4444444444444445
849,world-europe-25465092,RefSum,0.9463722397476341,0.17647058823529413,1,0.06666666666666667,0,0,1
850,world-europe-38005202,facebook/bart-large-cnn,0,0,0,0.13333333333333333,0,0,0
851,world-europe-38005202,google/pegasus-xsum,0.4705882352941177,0,0.3333333333333333,0.125,0.25,0,0.3333333333333333
852,world-europe-38005202,t5-large,0,0,0,0,0,0,0
853,world-europe-38005202,gpt-3.5-turbo,0.2267303102625298,0,0.16666666666666666,0.3684210526315789,0.2,0,0.16666666666666669
854,world-europe-38005202,RefSum,1,0,1,0,0,0,1
855,world-europe-39915543,facebook/bart-large-cnn,0,0,0,0.2857142857142857,0,0.3333333333333333,0
856,world-europe-39915543,google/pegasus-xsum,0.45454545454545453,0,0.5,0.1,0,0.5,0.5
857,world-europe-39915543,t5-large,0,0,0,0.36363636363636365,0,0.25,0
858,world-europe-39915543,gpt-3.5-turbo,0.44357976653696507,0.11538461538461539,0.25,0.4583333333333333,0,0,0.25
859,world-europe-39915543,RefSum,0.9578544061302682,0.13636363636363635,1,0.05,0,0,1
860,world-europe-43649668,facebook/bart-large-cnn,0,0,0,0.25,0.3333333333333333,0,0
861,world-europe-43649668,google/pegasus-xsum,1,0,1,0,0,0,1
862,world-europe-43649668,t5-large,0,0,0,0,0,0,0
863,world-europe-43649668,gpt-3.5-turbo,0.34883720930232553,0,0.3333333333333333,0.2222222222222222,0.4,0,0.33333333333333337
864,world-europe-43649668,RefSum,1,0,1,0,0,0,1
865,world-europe-53801230,facebook/bart-large-cnn,0,0,0,0.2962962962962963,0,0.25,0
866,world-europe-53801230,google/pegasus-xsum,0,0,0,0,0,0,0
867,world-europe-53801230,t5-large,0,0,0,0.15384615384615385,0.3333333333333333,0.3333333333333333,0
868,world-europe-53801230,gpt-3.5-turbo,0.6394557823129251,0.1,0.5714285714285714,0.17857142857142858,0.2,0,0.5714285714285715
869,world-europe-53801230,RefSum,0.9652509652509652,0.1111111111111111,1,0.04,0,0,1
870,world-europe-56172456,facebook/bart-large-cnn,0,0,0,0.18181818181818182,0,0,0
871,world-europe-56172456,google/pegasus-xsum,0,0,0,0.07547169811320754,0.3333333333333333,0,0
872,world-europe-56172456,t5-large,0,0,0,0.17857142857142858,0.16666666666666666,0,0
873,world-europe-56172456,gpt-3.5-turbo,0.22924496071062522,0,0.16666666666666666,0.19672131147540983,0.36363636363636365,0,0.16666666666666669
874,world-europe-56172456,RefSum,1,0,1,0,0,0,1
875,world-europe-guernsey-14061420,facebook/bart-large-cnn,0,0,0,0.9090909090909091,0,0,0
876,world-europe-guernsey-14061420,google/pegasus-xsum,0,0,0,0,0,0,0
877,world-europe-guernsey-14061420,t5-large,0,0,0,0.6666666666666666,0,0,0
878,world-europe-guernsey-14061420,gpt-3.5-turbo,0,0,0,0.2857142857142857,0,0,0
879,world-europe-guernsey-14061420,RefSum,0,0,0,0,0,0,0
880,world-europe-guernsey-26578936,facebook/bart-large-cnn,0.424,0.1875,0.2857142857142857,0.6428571428571429,0,0,0.28571428571428575
881,world-europe-guernsey-26578936,google/pegasus-xsum,0.9016393442622951,0.25,0.6666666666666666,0.1,0,0,0.6666666666666666
882,world-europe-guernsey-26578936,t5-large,0,0,0,0.6153846153846154,0,0.25,0
883,world-europe-guernsey-26578936,gpt-3.5-turbo,0.45194424064563465,0.16666666666666666,0.4444444444444444,0.3125,0.42857142857142855,0,0.4444444444444445
884,world-europe-guernsey-26578936,RefSum,0.9312169312169313,0.23076923076923078,1,0.09090909090909091,0,0,1
885,world-europe-isle-of-man-19424924,facebook/bart-large-cnn,0,0,0,1,0,0,0
886,world-europe-isle-of-man-19424924,google/pegasus-xsum,1,0,0.6666666666666666,0,0,0,0.6666666666666666
887,world-europe-isle-of-man-19424924,t5-large,0,0,0,1,0,0,0
888,world-europe-isle-of-man-19424924,gpt-3.5-turbo,0,0,0,0.4,0.5,0,0
889,world-europe-isle-of-man-19424924,RefSum,1,0,1,0,0,0,1
890,world-europe-isle-of-man-56315945,facebook/bart-large-cnn,0,0,0,0.5217391304347826,0,0.16666666666666666,0
891,world-europe-isle-of-man-56315945,google/pegasus-xsum,0.9542168674698795,0.15789473684210525,1,0.05555555555555555,0,0,1
892,world-europe-isle-of-man-56315945,t5-large,0,0,0,0.43478260869565216,0.16666666666666666,0.16666666666666666,0
893,world-europe-isle-of-man-56315945,gpt-3.5-turbo,0,0,0,0.5,0.14285714285714285,0.14285714285714285,0
894,world-europe-isle-of-man-56315945,RefSum,0.9542168674698795,0.15789473684210525,1,0.05555555555555555,0,0,1
895,world-europe-isle-of-man-56422262,facebook/bart-large-cnn,0.6093750000000001,0.2,0.4,0.38461538461538464,0,0,0.4
896,world-europe-isle-of-man-56422262,google/pegasus-xsum,0,0,0,0,0,0,0
897,world-europe-isle-of-man-56422262,t5-large,0.5102040816326531,0.1875,0.3333333333333333,0.5,0,0,0.3333333333333333
898,world-europe-isle-of-man-56422262,gpt-3.5-turbo,0.5837341495408833,0.17647058823529413,0.5714285714285714,0.3333333333333333,0.2,0,0.5714285714285715
899,world-europe-isle-of-man-56422262,RefSum,0.9357798165137615,0.21428571428571427,1,0.08333333333333333,0,0,1
900,world-europe-jersey-14862478,facebook/bart-large-cnn,0.33537832310838445,0.11538461538461539,0.2,0.625,0,0,0.2
901,world-europe-jersey-14862478,google/pegasus-xsum,0,0,0,0.11764705882352941,0,1,0
902,world-europe-jersey-14862478,t5-large,0.4926470588235294,0.13043478260869565,0.2857142857142857,0.42857142857142855,0,0,0.28571428571428575
903,world-europe-jersey-14862478,gpt-3.5-turbo,0.24459802514836856,0.10344827586206896,0.15384615384615385,0.7037037037037037,0.09090909090909091,0,0.15384615384615385
904,world-europe-jersey-14862478,RefSum,0.9539170506912442,0.15,1,0.05555555555555555,0,0,1
905,world-europe-jersey-20279558,facebook/bart-large-cnn,0.4534412955465587,0.2,0.3333333333333333,0.6428571428571429,0,0,0.33333333333333337
906,world-europe-jersey-20279558,google/pegasus-xsum,0,0,0,0.3333333333333333,0.3333333333333333,0.3333333333333333,0
907,world-europe-jersey-20279558,t5-large,0,0,0,0.5,0,0.3333333333333333,0
908,world-europe-jersey-20279558,gpt-3.5-turbo,0,0,0,0.3333333333333333,0.3333333333333333,0.3333333333333333,0
909,world-europe-jersey-20279558,RefSum,0.9271523178807947,0.2727272727272727,1,0.1,0,0,1
910,world-latin-america-24014501,facebook/bart-large-cnn,0,0,0,0.029850746268656716,0.6666666666666666,0,0
911,world-latin-america-24014501,google/pegasus-xsum,0,0,0,0,1,0,0
912,world-latin-america-24014501,t5-large,0,0,0,0.030303030303030304,0.5,0,0
913,world-latin-america-24014501,gpt-3.5-turbo,0,0,0,0.14084507042253522,0.2857142857142857,0,0
914,world-latin-america-24014501,RefSum,0,0,0,0,0,0,0
915,world-latin-america-24606758,facebook/bart-large-cnn,0,0,0,0.06451612903225806,0,1,0
916,world-latin-america-24606758,google/pegasus-xsum,0.5337773549000951,0.08571428571428572,0.4,0.09090909090909091,0.3333333333333333,0,0.4
917,world-latin-america-24606758,t5-large,0,0,0,0.06451612903225806,0,1,0
918,world-latin-america-24606758,gpt-3.5-turbo,0.22619668579224014,0.06976744186046512,0.15384615384615385,0.21951219512195122,0.5454545454545454,0,0.15384615384615385
919,world-latin-america-24606758,RefSum,0.9720853858784894,0.08823529411764706,1,0.03125,0,0,1
920,world-latin-america-26474424,facebook/bart-large-cnn,0.37547312641937924,0.09090909090909091,0.2,0.4838709677419355,0,0,0.2
921,world-latin-america-26474424,google/pegasus-xsum,0.9494163424124514,0.11538461538461539,0.6666666666666666,0.041666666666666664,0,0,0.6666666666666666
922,world-latin-america-26474424,t5-large,0.5454545454545454,0.1,0.2857142857142857,0.32142857142857145,0,0,0.28571428571428575
923,world-latin-america-26474424,gpt-3.5-turbo,0.5009154155986818,0.10344827586206896,0.3333333333333333,0.18518518518518517,0.25,0,0.3333333333333333
924,world-latin-america-26474424,RefSum,0.9652509652509652,0.1111111111111111,1,0.04,0,0,1
925,world-latin-america-33449810,facebook/bart-large-cnn,0,0,0,0.3,0,0.16666666666666666,0
926,world-latin-america-33449810,google/pegasus-xsum,0,0,0,0.05405405405405406,0.6666666666666666,0.3333333333333333,0
927,world-latin-america-33449810,t5-large,0,0,0,0.2564102564102564,0,0.2,0
928,world-latin-america-33449810,gpt-3.5-turbo,0,0,0,0.10810810810810811,0.3333333333333333,0.3333333333333333,0
929,world-latin-america-33449810,RefSum,0.9743040685224841,0.08333333333333333,1,0.02857142857142857,0,0,1
930,world-latin-america-34504269,facebook/bart-large-cnn,0,0,0,0.3404255319148936,0,0.25,0
931,world-latin-america-34504269,google/pegasus-xsum,0.26787648970747563,0.058823529411764705,0.16666666666666666,0.11627906976744186,0.25,0.25,0.16666666666666666
932,world-latin-america-34504269,t5-large,0,0,0,0.3404255319148936,0,0.25,0
933,world-latin-america-34504269,gpt-3.5-turbo,0,0,0,0.3333333333333333,0.1111111111111111,0.2222222222222222,0
934,world-latin-america-34504269,RefSum,0.9630500503862949,0.10909090909090909,1,0.0425531914893617,0,0,1
935,world-latin-america-38946889,facebook/bart-large-cnn,0,0,0,0.21052631578947367,0,0.5,0
936,world-latin-america-38946889,google/pegasus-xsum,0.77,0.13043478260869565,0.6666666666666666,0.23809523809523808,0,0,0.6666666666666666
937,world-latin-america-38946889,t5-large,0,0,0,0.3,0,0.3333333333333333,0
938,world-latin-america-38946889,gpt-3.5-turbo,0.4361865709892363,0.12,0.25,0.4782608695652174,0,0,0.25
939,world-latin-america-38946889,RefSum,0.9559748427672956,0.14285714285714285,1,0.05263157894736842,0,0,1
940,world-latin-america-47658080,facebook/bart-large-cnn,0,0,0,0.43478260869565216,0,0.4,0
941,world-latin-america-47658080,google/pegasus-xsum,0.27957759083586897,0.12,0.2857142857142857,0.045454545454545456,0.75,0.25,0.28571428571428575
942,world-latin-america-47658080,t5-large,0.8279569892473118,0.25,0.6666666666666666,0.19047619047619047,0,0,0.6666666666666666
943,world-latin-america-47658080,gpt-3.5-turbo,0.3140014071766007,0.12,0.2857142857142857,0.13636363636363635,0.5,0.25,0.28571428571428575
944,world-latin-america-47658080,RefSum,0.9292035398230087,0.25,1,0.09523809523809523,0,0,1
945,world-latin-america-50664018,facebook/bart-large-cnn,0,0,0,0.375,0,0,0
946,world-latin-america-50664018,google/pegasus-xsum,0.3478260869565218,0,0.4,0,0.75,0,0.4
947,world-latin-america-50664018,t5-large,0,0,0,0.375,0,0,0
948,world-latin-america-50664018,gpt-3.5-turbo,0.327116212338594,0,0.2857142857142857,0.42105263157894735,0.16666666666666666,0,0.2857142857142857
949,world-latin-america-50664018,RefSum,1,0,1,0,0,0,1
950,world-middle-east-15768027,facebook/bart-large-cnn,0.5604592752063151,0.12,0.2857142857142857,0.3181818181818182,0,0,0.28571428571428575
951,world-middle-east-15768027,google/pegasus-xsum,0,0,0,0.1,0.5,0.5,0
952,world-middle-east-15768027,t5-large,0,0,0,0.2,0,0.5,0
953,world-middle-east-15768027,gpt-3.5-turbo,0.4828729281767956,0.11538461538461539,0.25,0.391304347826087,0,0,0.25
954,world-middle-east-15768027,RefSum,0.9593908629441624,0.125,1,0.047619047619047616,0,0,1
955,world-middle-east-18571193,facebook/bart-large-cnn,0,0,0,0.15384615384615385,0,1,0
956,world-middle-east-18571193,google/pegasus-xsum,0.27586206896551724,0,0.3333333333333333,0.125,0.5,0.25,0.3333333333333333
957,world-middle-east-18571193,t5-large,0,0,0,0.15384615384615385,0,1,0
958,world-middle-east-18571193,gpt-3.5-turbo,0.6557377049180327,0.16666666666666666,0.6666666666666666,0.1875,0.25,0,0.6666666666666666
959,world-middle-east-18571193,RefSum,0.9432624113475178,0.1875,1,0.07142857142857142,0,0,1
960,world-middle-east-21835164,facebook/bart-large-cnn,0,0,0,0.43478260869565216,0,0.2,0
961,world-middle-east-21835164,google/pegasus-xsum,0.5590088198236036,0.12,0.5714285714285714,0.045454545454545456,0.5,0,0.5714285714285715
962,world-middle-east-21835164,t5-large,0,0,0,0.2857142857142857,0,0.3333333333333333,0
963,world-middle-east-21835164,gpt-3.5-turbo,0.3811074918566775,0.1,0.3333333333333333,0.25925925925925924,0.4444444444444444,0,0.3333333333333333
964,world-middle-east-21835164,RefSum,0.9593908629441624,0.125,1,0.047619047619047616,0,0,1
965,world-middle-east-24834204,facebook/bart-large-cnn,0.4361865709892363,0.12,0.25,0.4782608695652174,0,0,0.25
966,world-middle-east-24834204,google/pegasus-xsum,0.9559748427672956,0.14285714285714285,1,0.05263157894736842,0,0,1
967,world-middle-east-24834204,t5-large,0,0,0,0.3,0,0.3333333333333333,0
968,world-middle-east-24834204,gpt-3.5-turbo,0.20512820512820512,0,0.2,0.4,0.25,0.125,0.2
969,world-middle-east-24834204,RefSum,0.9559748427672956,0.14285714285714285,1,0.05263157894736842,0,0,1
970,world-middle-east-37638256,facebook/bart-large-cnn,0.3071161048689139,0.06666666666666667,0.2,0.2682926829268293,0,0.3333333333333333,0.2
971,world-middle-east-37638256,google/pegasus-xsum,0,0,0,0.2857142857142857,0.14285714285714285,0.42857142857142855,0
972,world-middle-east-37638256,t5-large,0,0,0,0.25,0,0.6,0
973,world-middle-east-37638256,gpt-3.5-turbo,0,0,0,0.3333333333333333,0,0.42857142857142855,0
974,world-middle-east-37638256,RefSum,0.9401947148817803,0.20930232558139536,1,0.07692307692307693,0,0,1
975,world-us-canada-38697908,facebook/bart-large-cnn,0.689119170984456,0.075,0.3333333333333333,0.18421052631578946,0,0,0.3333333333333333
976,world-us-canada-38697908,google/pegasus-xsum,0.2777777777777778,0,0.25,0.15,0.3333333333333333,0.16666666666666666,0.25
977,world-us-canada-38697908,t5-large,0.7792119565217391,0.07692307692307693,0.4,0.13513513513513514,0,0,0.4
978,world-us-canada-38697908,gpt-3.5-turbo,0.8741721854304635,0.07894736842105263,0.5,0.08333333333333333,0,0,0.5
979,world-us-canada-38697908,RefSum,0.9749009247027742,0.07894736842105263,1,0.027777777777777776,0,0,1
980,world-us-canada-44962120,facebook/bart-large-cnn,0,0,0,0.18604651162790697,0,0.5,0
981,world-us-canada-44962120,google/pegasus-xsum,0.2105263157894737,0,0.4,0,0.5,1,0.4
982,world-us-canada-44962120,t5-large,0.36282855436081246,0.06521739130434782,0.2857142857142857,0.11627906976744186,0.25,0.25,0.28571428571428575
983,world-us-canada-44962120,gpt-3.5-turbo,0.1935483870967742,0,0.16666666666666666,0.25,0.2222222222222222,0.2222222222222222,0.16666666666666666
984,world-us-canada-44962120,RefSum,0.9596774193548386,0.13333333333333333,1,0.047619047619047616,0,0,1
985,world-us-canada-52376944,facebook/bart-large-cnn,0,0,0,0.2631578947368421,0,0.2,0
986,world-us-canada-52376944,google/pegasus-xsum,0.4404701931150294,0.061224489795918366,0.25,0.3953488372093023,0,0,0.25
987,world-us-canada-52376944,t5-large,0,0,0,0.2631578947368421,0,0.2,0
988,world-us-canada-52376944,gpt-3.5-turbo,0.3636457340170588,0.05454545454545454,0.2727272727272727,0.5102040816326531,0.0625,0,0.2727272727272727
989,world-us-canada-52376944,RefSum,0.9765258215962442,0.06666666666666667,1,0.02564102564102564,0,0,1
990,world-us-canada-56273381,facebook/bart-large-cnn,0.623728813559322,0.08108108108108109,0.3333333333333333,0.25,0,0,0.33333333333333337
991,world-us-canada-56273381,google/pegasus-xsum,0,0,0,0,1,1,0
992,world-us-canada-56273381,t5-large,0,0,0,0.17647058823529413,0,0.3333333333333333,0
993,world-us-canada-56273381,gpt-3.5-turbo,0.33297547278883477,0.07317073170731707,0.2,0.325,0.2222222222222222,0,0.19999999999999998
994,world-us-canada-56273381,RefSum,0.9721518987341772,0.09090909090909091,1,0.03125,0,0,1
995,world-us-canada-56726028,facebook/bart-large-cnn,0,0,0,0.43478260869565216,0,0,0
996,world-us-canada-56726028,google/pegasus-xsum,0,0,0,0.14634146341463414,0.4,0,0
997,world-us-canada-56726028,t5-large,0,0,0,0.2,0,0,0
998,world-us-canada-56726028,gpt-3.5-turbo,0,0,0,0.27906976744186046,0.14285714285714285,0,0
999,world-us-canada-56726028,RefSum,1,0,1,0,0,0,1
